Name of Covered Entity,State,Covered Entity Type,Individuals Affected,Breach Submission Date,Type of Breach,Location of Breached Information,Business Associate Present,Web Description
ARcare,AR,Healthcare Provider,345353,04/25/2022,Hacking/IT Incident,Network Server,No,NA
La Casa de Salud,NY,Healthcare Provider,9969,04/20/2022,Hacking/IT Incident,Email,No,NA
Canon Business Process Services Inc,NY,Business Associate,1625,04/15/2022,Unauthorized Access/Disclosure,Paper/Films,Yes,NA
Canon Business Process Services Inc,NY,Business Associate,745,04/15/2022,Unauthorized Access/Disclosure,Paper/Films,Yes,NA
Canon Business Process Services Inc,NY,Business Associate,8015,04/15/2022,Unauthorized Access/Disclosure,Paper/Films,Yes,NA
Spectrum Health System,MI,Healthcare Provider,794,04/15/2022,Unauthorized Access/Disclosure,Electronic Medical Record,No,NA
Central Florida Cardiology Group,FL,Healthcare Provider,1186,04/14/2022,Hacking/IT Incident,Other,Yes,NA
New Creation Counseling Center,OH,Healthcare Provider,24029,04/14/2022,Hacking/IT Incident,"Network Server, Other",No,NA
Newman Regional Health,KS,Healthcare Provider,52224,04/14/2022,Hacking/IT Incident,Email,No,NA
Mountain Area Health Education Center dba MAHEC,NC,Healthcare Provider,1115,04/14/2022,Improper Disposal,Paper/Films,No,NA
Onehome Health Solutions,FL,Healthcare Provider,15401,04/13/2022,Theft,Laptop,No,NA
Lutheran Services Carolinas,NC,Business Associate,1226,04/12/2022,Hacking/IT Incident,Network Server,Yes,NA
Adaptive Health Integrations,ND,Healthcare Provider,510574,04/11/2022,Hacking/IT Incident,Network Server,No,NA
"Healthcare Collections - I, LLC",AZ,Business Associate,900,04/11/2022,Unauthorized Access/Disclosure,Paper/Films,Yes,NA
The MetroHealth System,OH,Healthcare Provider,1748,04/11/2022,Unauthorized Access/Disclosure,"Electronic Medical Record, Email, Paper/Films",No,NA
Ballad Health,TN,Healthcare Provider,4295,04/08/2022,Hacking/IT Incident,Email,No,NA
Georgia Pines CSB,GA,Healthcare Provider,24000,04/08/2022,Theft,"Laptop, Other",No,NA
"WellStar Health System, Inc.",GA,Healthcare Provider,30417,04/08/2022,Hacking/IT Incident,Email,No,NA
East Tennessee Children's Hospital,TN,Healthcare Provider,501,04/07/2022,Hacking/IT Incident,Network Server,No,NA
SummaCare Inc,OH,Health Plan,716,04/07/2022,Unauthorized Access/Disclosure,Network Server,No,NA
Bishop Eye Center,SC,Healthcare Provider,2292,04/07/2022,Hacking/IT Incident,Network Server,No,NA
Advantage Benefits Group,MI,Business Associate,7147,04/06/2022,Hacking/IT Incident,Email,Yes,NA
"Kaiser Foundation Health Plan, Inc.",CA,Health Plan,695,04/06/2022,Unauthorized Access/Disclosure,Network Server,Yes,NA
Central Vermont Eye Care,VT,Healthcare Provider,30000,04/06/2022,Hacking/IT Incident,"Electronic Medical Record, Other",Yes,NA
State of Arizona Department of Administration,AZ,Health Plan,820,04/05/2022,Unauthorized Access/Disclosure,Paper/Films,Yes,NA
River City Insurance Group d/b/a Lavinder Group & Associates,VA,Business Associate,1118,04/05/2022,Hacking/IT Incident,Email,Yes,NA
"The Guidance Center, Inc.",AZ,Healthcare Provider,23104,04/05/2022,Hacking/IT Incident,Email,No,NA
Urgent Team Holdings,TN,Healthcare Provider,166601,03/31/2022,Hacking/IT Incident,Network Server,No,NA
Englewood Health,NJ,Healthcare Provider,3901,03/30/2022,Hacking/IT Incident,Network Server,No,NA
Resources for Human Development,PA,Healthcare Provider,46673,03/29/2022,Theft,Other Portable Electronic Device,No,NA
"Law Enforcement Health Benefits, Inc.",PA,Health Plan,85282,03/28/2022,Hacking/IT Incident,Network Server,No,NA
Medical Surgical Eye Care,KS,Healthcare Provider,2000,03/28/2022,Hacking/IT Incident,Network Server,No,NA
"Super Care, Inc. dba SuperCare Health",CA,Healthcare Provider,318379,03/28/2022,Hacking/IT Incident,Network Server,No,NA
"Charleston Area Medical Center, Inc.",WV,Healthcare Provider,54000,03/28/2022,Hacking/IT Incident,Email,No,NA
"Colorado Physician Partners, PLLC",CO,Healthcare Provider,12877,03/25/2022,Hacking/IT Incident,Email,No,NA
"Cytometry Specialists, Inc., d/b/a CSI Laboratories",GA,Healthcare Provider,312000,03/25/2022,Hacking/IT Incident,Network Server,No,NA
Lutheran Social Services of Illinois,IL,Healthcare Provider,1000,03/25/2022,Hacking/IT Incident,Network Server,No,NA
"Christie Business Holdings Company, P.C.",IL,Healthcare Provider,502869,03/25/2022,Hacking/IT Incident,Email,No,NA
Advanced Medical Practice Management,NJ,Business Associate,56427,03/23/2022,Hacking/IT Incident,Network Server,Yes,NA
"Thomas Allen, Inc.",MN,Healthcare Provider,2803,03/23/2022,Hacking/IT Incident,Email,No,NA
Taylor Regional Hospital,KY,Healthcare Provider,190209,03/21/2022,Hacking/IT Incident,Network Server,No,NA
Valley View Hospital Association,CO,Healthcare Provider,501,03/19/2022,Hacking/IT Incident,Email,No,NA
Cancer and Hematology Centers of Western Michigan,MI,Healthcare Provider,43071,03/18/2022,Hacking/IT Incident,Network Server,No,NA
Wheeling Health Right Inc,WV,Healthcare Provider,3912,03/18/2022,Hacking/IT Incident,Network Server,No,NA
"Clinic of North Texas, LLP",TX,Healthcare Provider,244174,03/18/2022,Hacking/IT Incident,Network Server,No,NA
Central Minnesota Mental Health Center,MN,Healthcare Provider,28725,03/17/2022,Hacking/IT Incident,Email,No,NA
Chelan Douglas Health District,WA,Healthcare Provider,188236,03/15/2022,Hacking/IT Incident,Network Server,No,NA
Laboratorio Clinico Toledo,NA,Healthcare Provider,500,03/14/2022,Hacking/IT Incident,Network Server,No,NA
Virginia Mason Medical Center,WA,Healthcare Provider,2733,03/14/2022,Hacking/IT Incident,Email,No,NA
"Trinity Home Care, Inc.",MA,Healthcare Provider,1541,03/14/2022,Hacking/IT Incident,Network Server,No,NA
Capital Region Medical Center,MO,Healthcare Provider,17578,03/11/2022,Hacking/IT Incident,Network Server,No,NA
Local 295 IBT Employer Group Welfare Fund,NY,Health Plan,6123,03/11/2022,Hacking/IT Incident,Network Server,Yes,NA
Major League Baseball Players Benefit Plan,MD,Health Plan,13156,03/11/2022,Hacking/IT Incident,Network Server,Yes,NA
Labette Health,KS,Healthcare Provider,85635,03/11/2022,Hacking/IT Incident,Network Server,No,NA
Highmark Inc,PA,Health Plan,67147,03/11/2022,Hacking/IT Incident,Network Server,Yes,NA
"Dialyze Direct, LLC",NJ,Healthcare Provider,14203,03/10/2022,Hacking/IT Incident,Email,No,NA
New Jersey Brain and Spine,NJ,Healthcare Provider,92453,03/10/2022,Hacking/IT Incident,Network Server,No,NA
"Gainwell Technologies, LLC",TX,Business Associate,810,03/10/2022,Unauthorized Access/Disclosure,Network Server,Yes,NA
"Gainwell Technologies, LLC",TX,Business Associate,1955,03/10/2022,Unauthorized Access/Disclosure,Network Server,Yes,NA
"Horizon Actuarial Services, LLC (“Horizon Actuarial”)",GA,Business Associate,38418,03/09/2022,Hacking/IT Incident,Network Server,Yes,NA
"Parkland Community Health Plan, Inc.",TX,Health Plan,1682,03/08/2022,Unauthorized Access/Disclosure,Paper/Films,Yes,NA
Central Indiana Orthopedics,IN,Healthcare Provider,83705,03/07/2022,Hacking/IT Incident,Network Server,No,NA
Laboratorio Clínico Caparros,NA,Healthcare Provider,500,03/06/2022,Hacking/IT Incident,Network Server,No,NA
"South Denver Cardiology Associates, PC",CO,Healthcare Provider,287652,03/04/2022,Hacking/IT Incident,Network Server,No,NA
"Duncan Regional Hospital, Incorporated",OK,Healthcare Provider,86379,03/04/2022,Hacking/IT Incident,Network Server,No,NA
"Indiana Hemophilia and Thrombosis Center, Inc.",IN,Healthcare Provider,2575,03/04/2022,Hacking/IT Incident,Email,No,NA
Familylinks,PA,Healthcare Provider,1494,03/04/2022,Hacking/IT Incident,"Electronic Medical Record, Network Server",Yes,NA
University of Michigan/Michigan Medicine,MI,Healthcare Provider,2921,03/03/2022,Hacking/IT Incident,Email,No,NA
Crossroads Health,OH,Healthcare Provider,10324,03/02/2022,Hacking/IT Incident,Network Server,No,NA
"LGAA, LLC",UT,Health Plan,864,03/01/2022,Hacking/IT Incident,Network Server,No,NA
"Monongalia Health System, Inc.",WV,Healthcare Provider,492861,02/28/2022,Hacking/IT Incident,Network Server,No,NA
"UMass Memorial Health, Inc.",MA,Business Associate,4270,02/28/2022,Hacking/IT Incident,Email,Yes,NA
Montrose Regional Health,CO,Healthcare Provider,52632,02/25/2022,Hacking/IT Incident,Email,No,NA
Kittitas Valley Healthcare,WA,Healthcare Provider,3987,02/25/2022,Hacking/IT Incident,Network Server,Yes,NA
"First Step of Sarasota, Inc.",FL,Healthcare Provider,1858,02/25/2022,Hacking/IT Incident,Network Server,No,NA
"The Art & Science of Dermatology, P.C.",VA,Healthcare Provider,4500,02/25/2022,Loss,Desktop Computer,No,NA
Norwood Clinic,AL,Healthcare Provider,228000,02/25/2022,Hacking/IT Incident,"Electronic Medical Record, Network Server",No,NA
Bako Diagnostics,GA,Healthcare Provider,25745,02/25/2022,Hacking/IT Incident,Network Server,No,NA
University Medical Center Southern Nevada,NV,Healthcare Provider,12230,02/24/2022,Hacking/IT Incident,Email,Yes,NA
Houston Health Department,TX,Healthcare Provider,10291,02/24/2022,Unauthorized Access/Disclosure,Electronic Medical Record,No,NA
"Ultimate Care, Inc.",NY,Healthcare Provider,15788,02/23/2022,Hacking/IT Incident,Email,No,NA
CareOregon Advantage,OR,Health Plan,10467,02/23/2022,Unauthorized Access/Disclosure,Email,No,NA
"The Puerto Rican Organization to Motivate, Enltighten, and Serve Addicts, Inc.",NY,Healthcare Provider,30220,02/23/2022,Hacking/IT Incident,Email,No,NA
Cooperman Barnabas Medical Center,NJ,Healthcare Provider,538,02/23/2022,Hacking/IT Incident,Email,Yes,NA
"Alliance Physical Therapy Group, LLC",MI,Business Associate,14970,02/23/2022,Hacking/IT Incident,Network Server,Yes,NA
"Community Association of Progressive Dominicans, Inc.",NY,Healthcare Provider,656,02/23/2022,Hacking/IT Incident,Email,No,NA
"Bronx Addiction Services Integrated Concepts Systems, Inc.",NY,Healthcare Provider,700,02/23/2022,Hacking/IT Incident,Email,No,NA
Zoe Therapy Services,VA,Healthcare Provider,1100,02/23/2022,Hacking/IT Incident,Email,No,NA
Logan Health Medical Center,MT,Healthcare Provider,213543,02/22/2022,Hacking/IT Incident,Network Server,No,NA
Ascension Michigan (single affiliated covered entity) ACE,MI,Healthcare Provider,27177,02/22/2022,Unauthorized Access/Disclosure,Electronic Medical Record,No,NA
Memorial village er,TX,Healthcare Provider,80000,02/19/2022,Hacking/IT Incident,Network Server,No,NA
"US Radiology Specialists, Inc.",NC,Business Associate,87552,02/18/2022,Hacking/IT Incident,Network Server,Yes,NA
"Bible Fellowship Church Homes, Inc. dba Fellowship Community",PA,Healthcare Provider,3500,02/18/2022,Hacking/IT Incident,Network Server,No,NA
"Town Home Care, LLC",NJ,Healthcare Provider,5591,02/17/2022,Hacking/IT Incident,Network Server,No,NA
Liberty of Oklahoma Corporation,PA,Business Associate,5746,02/17/2022,Hacking/IT Incident,Network Server,Yes,NA
Extend Fertility,NY,Healthcare Provider,10373,02/16/2022,Hacking/IT Incident,Network Server,No,NA
Comprehensive Health Services,FL,Healthcare Provider,106752,02/15/2022,Hacking/IT Incident,Email,No,NA
Jersey City Medical Center,NJ,Healthcare Provider,1130,02/15/2022,Hacking/IT Incident,Email,Yes,NA
Aetna ACE,CT,Health Plan,893,02/15/2022,Hacking/IT Incident,Network Server,Yes,NA
Priority Health,MI,Health Plan,2111,02/14/2022,Hacking/IT Incident,Network Server,No,NA
Community Medical Center,NJ,Healthcare Provider,621,02/14/2022,Hacking/IT Incident,Email,Yes,NA
Jackson County Hospital District,FL,Healthcare Provider,501,02/11/2022,Hacking/IT Incident,Network Server,No,NA
Englewood Health,NJ,Healthcare Provider,582,02/11/2022,Hacking/IT Incident,Email,Yes,NA
Family Fare LLC,MI,Healthcare Provider,3892,02/11/2022,Hacking/IT Incident,Network Server,Yes,NA
CVS Pharmacy,RI,Healthcare Provider,6221,02/11/2022,Hacking/IT Incident,Network Server,No,NA
"Jacksonville Spine Center, P.A.",FL,Healthcare Provider,38000,02/10/2022,Hacking/IT Incident,Network Server,No,NA
"Summit BHC West Virginia, LLC d/b/a Highland Hospital",WV,Healthcare Provider,1298,02/10/2022,Hacking/IT Incident,Email,No,NA
"EPIC Pharmacy Network, Inc.",VA,Healthcare Provider,28776,02/08/2022,Hacking/IT Incident,Email,No,NA
Seneca Nation Health System,NY,Healthcare Provider,12000,02/08/2022,Hacking/IT Incident,Network Server,No,NA
"La Posada at Park Centre, Inc.",AZ,Health Plan,812,02/08/2022,Hacking/IT Incident,Network Server,No,NA
South Shore Hospital Corporation,IL,Healthcare Provider,115670,02/07/2022,Hacking/IT Incident,Network Server,No,NA
"Cross Timbers Health Clinics, Inc/ d/b/a AccelHealth",TX,Healthcare Provider,48126,02/07/2022,Hacking/IT Incident,Network Server,No,NA
Hofmann Arthritis Institute PLLC and Hofmann Arthritis Institute of Nevada PLLC,UT,Healthcare Provider,13320,02/04/2022,Hacking/IT Incident,Network Server,Yes,NA
Oklahoma Healthcare Authority (OHCA),OK,Health Plan,8629,02/03/2022,Unauthorized Access/Disclosure,Network Server,Yes,NA
"Morley Companies, Inc.",MI,Business Associate,521046,02/01/2022,Hacking/IT Incident,Network Server,Yes,NA
North Shore University Hospital,NY,Healthcare Provider,7614,02/01/2022,Unauthorized Access/Disclosure,Electronic Medical Record,No,NA
"Catholic Hospice, Inc.",FL,Healthcare Provider,14986,01/31/2022,Hacking/IT Incident,Email,No,NA
Philadelphia FIGHT Community Health Centers,PA,Healthcare Provider,17067,01/28/2022,Hacking/IT Incident,Network Server,No,NA
Family Christian Health Center,IL,Healthcare Provider,31000,01/28/2022,Hacking/IT Incident,Network Server,No,NA
Pace Center for Girls,FL,Healthcare Provider,18300,01/26/2022,Unauthorized Access/Disclosure,Network Server,No,NA
Spencer Gifts LLC Health and Welfare Benefit Plan,NJ,Health Plan,10023,01/24/2022,Hacking/IT Incident,Network Server,No,NA
OneDigital OBO Guardian Life Insurance Company of America,NY,Business Associate,800,01/24/2022,Hacking/IT Incident,Network Server,Yes,NA
Seneca Family of Agencies,CA,Business Associate,1528,01/22/2022,Hacking/IT Incident,Network Server,Yes,NA
"Medical Healthcare Solutions, Inc.",MA,Business Associate,133997,01/22/2022,Hacking/IT Incident,Network Server,Yes,NA
"iRise Florida Spine and Joint Institute, LLC",FL,Healthcare Provider,61595,01/21/2022,Hacking/IT Incident,Email,No,NA
Independence Blue Cross,PA,Health Plan,591,01/21/2022,Hacking/IT Incident,Network Server,No,NA
"County of Kings, a political subdivision of the State of California",CA,Healthcare Provider,16590,01/21/2022,Hacking/IT Incident,Network Server,No,NA
Walgreen Co.,IL,Healthcare Provider,1471,01/21/2022,Unauthorized Access/Disclosure,Paper/Films,No,NA
University of Arkansas for Medical Sciences,AR,Healthcare Provider,518,01/21/2022,Unauthorized Access/Disclosure,Email,No,NA
"Allegheny Health Network Home Infusion, LLC",PA,Healthcare Provider,15342,01/21/2022,Hacking/IT Incident,Network Server,Yes,NA
"Advocates, Inc.",MA,Healthcare Provider,68236,01/21/2022,Hacking/IT Incident,Network Server,No,NA
"DataHEALTH, Inc.",TX,Business Associate,2459,01/20/2022,Hacking/IT Incident,Network Server,Yes,NA
Abington Memorial Hospital (dba Jefferson Abington Hospital),PA,Healthcare Provider,3475,01/20/2022,Hacking/IT Incident,Network Server,No,NA
"Thomas Jefferson University Hospital, Inc.",PA,Healthcare Provider,5239,01/20/2022,Hacking/IT Incident,Network Server,No,NA
Medical Review Institute of America,UT,Business Associate,2406,01/20/2022,Hacking/IT Incident,Network Server,Yes,NA
Caring Communities,IL,Business Associate,1659,01/20/2022,Hacking/IT Incident,Other,Yes,NA
Colorado Department of Human Services,CO,Healthcare Provider,6132,01/19/2022,Hacking/IT Incident,Network Server,Yes,NA
Golden State Dermatology,CA,Healthcare Provider,1010,01/19/2022,Unauthorized Access/Disclosure,Paper/Films,Yes,NA
"Walworth County, Wisconsin",WI,Healthcare Provider,500,01/18/2022,Hacking/IT Incident,Email,No,NA
Raveco Medical,NY,Healthcare Provider,4897,01/17/2022,Hacking/IT Incident,Network Server,No,NA
Volunteers of America Southwest California,CA,Healthcare Provider,1300,01/14/2022,Hacking/IT Incident,Email,No,NA
"Fiondella, Milone & LaSaracina, LLP",CT,Business Associate,6215,01/14/2022,Hacking/IT Incident,Network Server,Yes,NA
Albany Family Dentistry,MN,Healthcare Provider,1117,01/14/2022,Hacking/IT Incident,Email,No,NA
South City Hospital,MO,Healthcare Provider,21601,01/14/2022,Theft,"Network Server, Other",No,NA
"Vantage Holding Company, LLC",PA,Healthcare Provider,1762,01/14/2022,Hacking/IT Incident,Network Server,No,NA
"Digital Insurance, LLC doing business as OneDigital",GA,Business Associate,2051,01/14/2022,Hacking/IT Incident,Network Server,Yes,NA
Oscar Insurance Company of Florida,FL,Health Plan,6290,01/13/2022,Unauthorized Access/Disclosure,Paper/Films,No,NA
Oscar Insurance Corporation of Ohio,OH,Health Plan,504,01/13/2022,Unauthorized Access/Disclosure,Paper/Films,No,NA
Oscar Health Plan of California,NJ,Health Plan,7632,01/13/2022,Unauthorized Access/Disclosure,Paper/Films,No,NA
Oscar Buckeye State Insurance Corporation,OH,Health Plan,791,01/13/2022,Unauthorized Access/Disclosure,Paper/Films,No,NA
Millennium Eye Care LLC,NJ,Healthcare Provider,6050,01/13/2022,Hacking/IT Incident,Network Server,No,NA
Hospital Authority of Valdosta and Lowndes County Georgia,GA,Healthcare Provider,41692,01/12/2022,Unauthorized Access/Disclosure,Desktop Computer,No,NA
Deerbrook Cath Lab LLC,TX,Business Associate,2364,01/11/2022,Hacking/IT Incident,Network Server,Yes,NA
"Lakeshore Bone & Joint Institute, PC",IN,Healthcare Provider,23627,01/10/2022,Hacking/IT Incident,Email,No,NA
Heart ‘n Home Hospice,ID,Healthcare Provider,4769,01/07/2022,Hacking/IT Incident,Email,No,NA
Medical Review Institute of America,UT,Business Associate,134571,01/07/2022,Hacking/IT Incident,Network Server,Yes,NA
DataXport,TX,Business Associate,8181,01/07/2022,Hacking/IT Incident,Network Server,Yes,NA
Suncoast Skin Solutions,FL,Healthcare Provider,57730,01/07/2022,Hacking/IT Incident,Network Server,No,NA
TTEC Healthcare Solutions,CO,Business Associate,86305,01/07/2022,Hacking/IT Incident,Network Server,Yes,NA
"Advent Health Partners, Inc.",TN,Business Associate,1383,01/06/2022,Hacking/IT Incident,Email,Yes,NA
NYU Langone Hospitals,NY,Healthcare Provider,1123,01/06/2022,Unauthorized Access/Disclosure,Paper/Films,Yes,NA
"Houston Area Community Services, Inc. d/b/a Avenue 360 Health and Wellness",TX,Healthcare Provider,12186,01/05/2022,Hacking/IT Incident,Email,No,NA
Ravkoo,FL,Healthcare Provider,105000,01/03/2022,Hacking/IT Incident,Other,No,NA
"Brockton Hospital, Inc. d/b/a Signature Healthcare Brockton Hospital",MA,Healthcare Provider,9798,01/03/2022,Hacking/IT Incident,Email,No,NA
North Broward Hospital District d/b/a Broward Health (“Broward Health”),FL,Healthcare Provider,1351431,01/02/2022,Hacking/IT Incident,Network Server,No,NA
"Virtual Private Network Solutions, LLC d/b/a VPN Solutions, LLC",VA,Business Associate,500,12/30/2021,Hacking/IT Incident,Network Server,Yes,NA
Dr. Kochurani Puthumana,VA,Healthcare Provider,5000,12/30/2021,Hacking/IT Incident,Network Server,Yes,NA
"A New Leaf, Inc.",AZ,Healthcare Provider,10438,12/30/2021,Hacking/IT Incident,Network Server,No,NA
Ciox Health,GA,Business Associate,12493,12/30/2021,Hacking/IT Incident,Email,Yes,NA
Granite Falls Family Medical Care Center,NC,Healthcare Provider,1000,12/30/2021,Hacking/IT Incident,Network Server,Yes,NA
Anthem Affiliated Covered Entities,IN,Health Plan,7032,12/30/2021,Hacking/IT Incident,Network Server,Yes,NA
Barlow Respiratory Hospital,CA,Healthcare Provider,9880,12/30/2021,Hacking/IT Incident,Network Server,No,NA
Loyola University Medical Center,IL,Healthcare Provider,16934,12/30/2021,Hacking/IT Incident,Email,No,NA
Sage Medical Professionals LLC,SD,Business Associate,2138,12/29/2021,Hacking/IT Incident,Network Server,Yes,NA
"HOYA Optical Labs of America, Inc.",TX,Business Associate,14099,12/29/2021,Hacking/IT Incident,Network Server,Yes,NA
Douglas C Morrow ODPC,IN,Healthcare Provider,5269,12/28/2021,Hacking/IT Incident,Network Server,No,NA
"Pithadia Medical Professional Services, Inc.",IN,Healthcare Provider,1624,12/28/2021,Hacking/IT Incident,Network Server,No,NA
Advocate Aurora Health,WI,Healthcare Provider,1729,12/28/2021,Loss,Paper/Films,No,NA
"Florida Digestive Health Specialists, LLP",FL,Healthcare Provider,212509,12/27/2021,Unauthorized Access/Disclosure,"Email, Other",No,NA
Walgreen Co.,IL,Healthcare Provider,1352,12/27/2021,Loss,Paper/Films,No,NA
"Fertility Centers of Illinois, PLLC",IL,Healthcare Provider,79943,12/27/2021,Hacking/IT Incident,Network Server,No,NA
"MedQuest Pharmacy, Inc.",UT,Healthcare Provider,39447,12/23/2021,Hacking/IT Incident,Network Server,No,NA
C.E. Niehoff & Company,IL,Health Plan,1509,12/23/2021,Hacking/IT Incident,Network Server,No,NA
Duneland School Corporation,IN,Health Plan,7000,12/23/2021,Hacking/IT Incident,Network Server,No,NA
"Daniel J. Edelman Holdings, Inc.",IL,Health Plan,184500,12/22/2021,Hacking/IT Incident,Network Server,Yes,NA
"James Kagan, MD",CO,Healthcare Provider,1310,12/22/2021,Hacking/IT Incident,Email,No,NA
"Welfare, Pension and Annuity Funds of Local No. ONE, I.A.T.S.E.",NY,Health Plan,20579,12/21/2021,Hacking/IT Incident,Email,No,NA
Rhode Island Public Transit Authority,RI,Health Plan,5015,12/21/2021,Hacking/IT Incident,Network Server,No,NA
"Georgia Bone & Joint Surgeons, P.C.",GA,Healthcare Provider,6787,12/21/2021,Hacking/IT Incident,Network Server,No,NA
Chaddock,IL,Healthcare Provider,777,12/21/2021,Theft,Paper/Films,No,NA
"Monongalia Health System, Inc.",WV,Healthcare Provider,398164,12/21/2021,Hacking/IT Incident,Email,No,NA
Skin Care Specialty Physicians,MD,Healthcare Provider,1553,12/21/2021,Theft,Paper/Films,No,NA
"W. Emery Reynolds, M.D",OK,Business Associate,1844,12/21/2021,Hacking/IT Incident,Network Server,Yes,NA
Fast Medical Center,OK,Business Associate,901,12/21/2021,Hacking/IT Incident,Network Server,Yes,NA
Alabama Department of Rehabilitation Services,AL,Healthcare Provider,934,12/20/2021,Improper Disposal,Other Portable Electronic Device,No,NA
Southern Orthopaedic Associates d/b/a Orthopaedic Institute of Western Kentucky,KY,Healthcare Provider,106910,12/20/2021,Hacking/IT Incident,Email,No,NA
Surgery Group SC,IL,Healthcare Provider,500,12/17/2021,Hacking/IT Incident,Network Server,Yes,NA
Northwest Broward Orthopaedics Associates,FL,Healthcare Provider,500,12/17/2021,Hacking/IT Incident,"Desktop Computer, Network Server",No,NA
Apple Blossom Family Practice,VA,Healthcare Provider,500,12/16/2021,Hacking/IT Incident,Network Server,Yes,NA
"Andrew Sauchelli, DMD",FL,Health Plan,3416,12/16/2021,Hacking/IT Incident,Network Server,No,NA
Oregon Eye Specialists,OR,Healthcare Provider,42612,12/13/2021,Hacking/IT Incident,Network Server,No,NA
Texas ENT Specialists,TX,Healthcare Provider,535489,12/10/2021,Hacking/IT Incident,Network Server,No,NA
"BioPlus Specialty Pharmacy Services, LLC",FL,Healthcare Provider,350000,12/10/2021,Hacking/IT Incident,Network Server,No,NA
"Eduro Healthcare, LLC",UT,Healthcare Provider,8059,12/09/2021,Hacking/IT Incident,Email,No,NA
Sacramento County Department of Health Services,CA,Healthcare Provider,2096,12/09/2021,Hacking/IT Incident,Email,No,NA
"Weddell Pediatric Dental Specialists, LLC",IN,Healthcare Provider,5356,12/08/2021,Hacking/IT Incident,Email,No,NA
Javery Pain Institute,MI,Healthcare Provider,1387,12/08/2021,Hacking/IT Incident,Email,No,NA
OSR Physical Therapy,AZ,Healthcare Provider,714,12/07/2021,Hacking/IT Incident,Email,No,NA
Wind River Family and Community Health Care,WY,Healthcare Provider,12938,12/07/2021,Unauthorized Access/Disclosure,Email,No,NA
"Summit Surgical, LLC",KS,Healthcare Provider,4910,12/07/2021,Hacking/IT Incident,Network Server,No,NA
Hope Group LLC,AZ,Healthcare Provider,1510,12/07/2021,Hacking/IT Incident,Email,No,NA
"Oregon Anesthesiology Group, P.C.",OR,Healthcare Provider,750500,12/06/2021,Hacking/IT Incident,Network Server,No,NA
Nippon Life Insurance Company of America,NY,Health Plan,4109,12/03/2021,Unauthorized Access/Disclosure,Email,No,NA
"Bansley and Kiener, LLP",IL,Business Associate,50119,12/03/2021,Hacking/IT Incident,Network Server,Yes,NA
"Bansley and Kiener, LLP",IL,Business Associate,2297,12/03/2021,Hacking/IT Incident,Network Server,Yes,NA
"Bansley and Kiener, LLP",IL,Business Associate,2711,12/03/2021,Hacking/IT Incident,Network Server,Yes,NA
"Bansley and Kiener, LLP",IL,Business Associate,15814,12/03/2021,Hacking/IT Incident,Network Server,Yes,NA
Mertz Manufacturing Inc Health Insurance Plan,OK,Health Plan,868,12/03/2021,Hacking/IT Incident,Network Server,No,NA
Department of Behavioral Health and Developmental Services,VA,Healthcare Provider,4037,12/03/2021,Unauthorized Access/Disclosure,Other,No,NA
"Great Plains Manufacturing, Inc",KS,Health Plan,4110,12/01/2021,Hacking/IT Incident,Network Server,No,NA
"Roy Varughese, M.D.",TX,Healthcare Provider,2916,12/01/2021,Hacking/IT Incident,Email,No,NA
Planned Parenthood Los Angeles,CA,Healthcare Provider,409759,11/30/2021,Hacking/IT Incident,Network Server,No,NA
Commission on Economic Opportunity,NY,Business Associate,29454,11/30/2021,Hacking/IT Incident,Network Server,Yes,NA
AMITA Health Medical Group Primary Care Hoffman Estates,IL,Healthcare Provider,1647,11/30/2021,Unauthorized Access/Disclosure,Email,No,NA
Sound Generations,WA,Business Associate,103576,11/29/2021,Hacking/IT Incident,Network Server,Yes,NA
Broward County Public Schools,FL,Health Plan,49608,11/29/2021,Hacking/IT Incident,Network Server,No,NA
Boulder Neurosurgical and Spine Associates,CO,Healthcare Provider,21450,11/29/2021,Hacking/IT Incident,Email,No,NA
Region IV Area Agency on Aging,MI,Health Plan,3171,11/29/2021,Hacking/IT Incident,Email,No,NA
Amistad Family Services,NM,Healthcare Provider,2915,11/29/2021,Theft,Other Portable Electronic Device,No,NA
"Medsurant Holdings, LLC",PA,Healthcare Provider,45000,11/29/2021,Hacking/IT Incident,Network Server,No,NA
"Neuro Rehab Associates, Inc. d/b/a Northeast Rehabilitation Hospital Network",NH,Healthcare Provider,501,11/29/2021,Hacking/IT Incident,Network Server,No,NA
WyndRidge Health and Rehabilitation Center,TN,Healthcare Provider,2202,11/26/2021,Hacking/IT Incident,Network Server,No,NA
Upstate HomeCare,NY,Healthcare Provider,5114,11/24/2021,Hacking/IT Incident,Network Server,No,NA
Huntington Hospital,NY,Healthcare Provider,12925,11/24/2021,Unauthorized Access/Disclosure,Electronic Medical Record,No,NA
"Minnesota Women's Care, P.A.",MN,Healthcare Provider,1900,11/24/2021,Unauthorized Access/Disclosure,Paper/Films,No,NA
"Quantum Imaging and Therapeutics Associates, Inc.",PA,Healthcare Provider,500,11/24/2021,Hacking/IT Incident,Network Server,No,NA
Boston Medical Center,MA,Healthcare Provider,723,11/24/2021,Unauthorized Access/Disclosure,Email,No,NA
OAA Orthopaedic Associates,PA,Healthcare Provider,18052,11/23/2021,Hacking/IT Incident,Network Server,No,NA
Howard University College of Dentistry,DC,Healthcare Provider,80915,11/23/2021,Hacking/IT Incident,"Electronic Medical Record, Network Server",No,NA
TriValley Primary Care,PA,Healthcare Provider,57468,11/23/2021,Hacking/IT Incident,Network Server,No,NA
One Community Health,OR,Healthcare Provider,39865,11/22/2021,Hacking/IT Incident,Network Server,No,NA
Washington County School District,UT,Business Associate,39317,11/22/2021,Hacking/IT Incident,Network Server,Yes,NA
"Onondaga County Chapter NYSARC, Inc.",NY,Healthcare Provider,5425,11/19/2021,Hacking/IT Incident,Network Server,No,NA
"Colorado Allergy and Asthma Centers, PC",CO,Healthcare Provider,791,11/19/2021,Hacking/IT Incident,Email,No,NA
United Health Centers of the San Joaquin Valley,CA,Healthcare Provider,500,11/19/2021,Hacking/IT Incident,Network Server,No,NA
Saltzer Health,ID,Healthcare Provider,15650,11/19/2021,Hacking/IT Incident,Email,No,NA
"Anthem, Inc.",IN,Business Associate,2003,11/19/2021,Hacking/IT Incident,Network Server,Yes,NA
Sentara Healthcare,VA,Healthcare Provider,72121,11/19/2021,Hacking/IT Incident,Network Server,Yes,NA
Blue Shield of California,CA,Health Plan,1520,11/19/2021,Hacking/IT Incident,Network Server,Yes,NA
Episcopal Retirement Services,OH,Healthcare Provider,4133,11/18/2021,Hacking/IT Incident,Network Server,No,NA
Marietta Area Health Care Inc. dba Memorial Health System,OH,Healthcare Provider,501,11/17/2021,Hacking/IT Incident,Network Server,No,NA
True Health New Mexico,NM,Health Plan,62983,11/17/2021,Hacking/IT Incident,Network Server,No,NA
Austin Perio Health,TX,Healthcare Provider,4339,11/17/2021,Hacking/IT Incident,Email,No,NA
"Magnet Solutions, Inc.",NE,Business Associate,1553,11/15/2021,Unauthorized Access/Disclosure,Paper/Films,Yes,NA
Citizens Financial Corporation,KY,Business Associate,688,11/15/2021,Unauthorized Access/Disclosure,Other,Yes,NA
Sarasota MRI,FL,Healthcare Provider,39962,11/12/2021,Unauthorized Access/Disclosure,Network Server,No,NA
Weill Cornell Medicine,NY,Healthcare Provider,6283,11/12/2021,Hacking/IT Incident,Email,No,NA
University of Houston for UH College of Optometry,TX,Healthcare Provider,18500,11/12/2021,Hacking/IT Incident,Network Server,No,NA
"The Kroger Co., for itself and its affiliates and subsidiaries",OH,Healthcare Provider,2686,11/12/2021,Theft,"Laptop, Paper/Films",No,NA
"The Centers for Advanced Orthopaedics, LLC",MD,Healthcare Provider,500,11/11/2021,Hacking/IT Incident,Network Server,No,NA
Tom Wood Inc. Health Care Plan,IN,Health Plan,2235,11/11/2021,Hacking/IT Incident,Network Server,No,NA
Ophthalmology Associates,MN,Healthcare Provider,67000,11/11/2021,Hacking/IT Incident,"Electronic Medical Record, Network Server",No,NA
St. Anne’s Family Services,CA,Healthcare Provider,661,11/10/2021,Hacking/IT Incident,Network Server,No,NA
Integrated Services of Kalamazoo,MI,Healthcare Provider,3754,11/10/2021,Hacking/IT Incident,Email,No,NA
"North Spring Behavioral Healthcare, Inc.",VA,Healthcare Provider,3245,11/09/2021,Hacking/IT Incident,Electronic Medical Record,Yes,NA
"Vitreo-Retinal Medical Group, Inc. d/b/a Retinal Consultants Medical Group",CA,Healthcare Provider,11603,11/09/2021,Hacking/IT Incident,Network Server,No,NA
Valley Mountain Regional Center,CA,Business Associate,17197,11/09/2021,Hacking/IT Incident,Email,Yes,NA
Continental American Insurance Company,SC,Health Plan,623,11/08/2021,Unauthorized Access/Disclosure,Paper/Films,No,NA
Seneca Family of Agencies,CA,Business Associate,19725,11/05/2021,Hacking/IT Incident,Network Server,Yes,NA
The Urology Center of Colorado,CO,Healthcare Provider,137820,11/05/2021,Hacking/IT Incident,Network Server,No,NA
UNC Health,NC,Healthcare Provider,946,11/05/2021,Unauthorized Access/Disclosure,Electronic Medical Record,No,NA
Association to Benefit Children,NY,Healthcare Provider,9142,11/05/2021,Hacking/IT Incident,Email,No,NA
University Hospital,NJ,Healthcare Provider,10067,11/05/2021,Unauthorized Access/Disclosure,Other,No,NA
Three Rivers Regional Commission,GA,Business Associate,2000,11/05/2021,Hacking/IT Incident,Network Server,Yes,NA
Mowery Clinic LLC,KS,Healthcare Provider,96000,11/05/2021,Hacking/IT Incident,Network Server,No,NA
Envision Home Health and Hospice,UT,Healthcare Provider,5381,11/05/2021,Unauthorized Access/Disclosure,Email,No,NA
New York Psychotherapy and Counseling Center,NY,Healthcare Provider,28000,11/05/2021,Hacking/IT Incident,Network Server,No,NA
Maxim Healthcare Group,MD,Healthcare Provider,65267,11/04/2021,Hacking/IT Incident,Email,No,NA
"Consociate, Inc.",IL,Business Associate,48583,11/03/2021,Hacking/IT Incident,Network Server,Yes,NA
Putnam County Memorial Hospital,MO,Healthcare Provider,6916,11/03/2021,Hacking/IT Incident,Network Server,No,NA
JEV Plastic Surgery & Medical Aesthetics,MD,Healthcare Provider,1620,11/03/2021,Hacking/IT Incident,Network Server,No,NA
"Baywood Medical Associates, PLC dba Desert Pain Institute",AZ,Healthcare Provider,45262,11/03/2021,Hacking/IT Incident,Network Server,No,NA
"Utah Imaging Associates, Inc.",UT,Healthcare Provider,582170,11/03/2021,Hacking/IT Incident,Network Server,No,NA
Victory Health Partners,AL,Healthcare Provider,30000,11/02/2021,Hacking/IT Incident,Network Server,No,NA
Anne Arundel Medical Center,MD,Healthcare Provider,500,11/02/2021,Hacking/IT Incident,Email,No,NA
Washington DC VA Medical Center,DC,Healthcare Provider,1193,11/01/2021,Unauthorized Access/Disclosure,Email,No,NA
Sea Mar Community Health Centers,WA,Healthcare Provider,688000,10/30/2021,Hacking/IT Incident,Network Server,No,NA
Pottawatomie County Health Department,KS,Healthcare Provider,6000,10/30/2021,Hacking/IT Incident,Network Server,No,NA
Surecare Specialty Pharmacy,TX,Healthcare Provider,8412,10/29/2021,Hacking/IT Incident,Network Server,No,NA
"NHS Management, LLC",AL,Business Associate,501,10/29/2021,Hacking/IT Incident,Network Server,Yes,NA
"Viverant PT, LLC",MN,Healthcare Provider,6540,10/29/2021,Hacking/IT Incident,Email,No,NA
Nationwide Laboratory Services,FL,Healthcare Provider,33437,10/28/2021,Hacking/IT Incident,Network Server,No,NA
"Professional Healthcare Management, Inc.",TN,Healthcare Provider,12306,10/28/2021,Hacking/IT Incident,Network Server,No,NA
"Anthem, Inc.",IN,Business Associate,5505,10/27/2021,Theft,"Other Portable Electronic Device, Paper/Films",Yes,NA
California Physicians' Services d/b/a Blue Shield of California,CA,Health Plan,2841,10/27/2021,Hacking/IT Incident,Network Server,Yes,NA
Seneca Family of Agencies,CA,Healthcare Provider,2470,10/26/2021,Hacking/IT Incident,Network Server,No,NA
"Nutan K. Parikh, M.D., Ltd., A Professional Corporation dba Las Vegas Cancer Center",NV,Healthcare Provider,1300,10/26/2021,Hacking/IT Incident,Network Server,No,NA
"Samaritan Daytop Village, Inc.",NY,Healthcare Provider,15459,10/26/2021,Hacking/IT Incident,Network Server,No,NA
"Community Medical Centers, Inc.",CA,Healthcare Provider,656047,10/26/2021,Hacking/IT Incident,Network Server,No,NA
Lincare Holdings Inc.,FL,Healthcare Provider,500,10/26/2021,Hacking/IT Incident,Network Server,No,NA
ROSE H BAILEY DDS,WA,Healthcare Provider,3000,10/26/2021,Hacking/IT Incident,Desktop Computer,No,NA
"Walmart, Inc.",AR,Healthcare Provider,828,10/26/2021,Loss,Laptop,No,NA
Foundation for Medical Care of Tulare and Kings Counties,CA,Business Associate,1835,10/26/2021,Theft,Other Portable Electronic Device,Yes,NA
Painters District Council No. 30 Health and Welfare Fund,IL,Health Plan,2157,10/25/2021,Hacking/IT Incident,Email,No,NA
Bryan Health,NE,Healthcare Provider,2753,10/25/2021,Unauthorized Access/Disclosure,Electronic Medical Record,No,NA
Throckmorton County Memorial Hospital,TX,Healthcare Provider,3028,10/22/2021,Hacking/IT Incident,Network Server,No,NA
"Star Group, L.P. Health Benefits Plan",CT,Health Plan,9316,10/22/2021,Hacking/IT Incident,Network Server,No,NA
Educators Mutual Insurance Association,UT,Health Plan,8661,10/22/2021,Hacking/IT Incident,Network Server,No,NA
"QRS, Inc.",TN,Business Associate,319778,10/22/2021,Hacking/IT Incident,Network Server,Yes,NA
Missouri Delta Medical Center,IL,Healthcare Provider,500,10/21/2021,Hacking/IT Incident,Network Server,No,NA
Lavaca Medical Center,TX,Healthcare Provider,48705,10/21/2021,Hacking/IT Incident,Network Server,No,NA
UNC Hospitals,NC,Healthcare Provider,719,10/19/2021,Unauthorized Access/Disclosure,"Desktop Computer, Electronic Medical Record",No,NA
Redwoods Rural Health Center,CA,Healthcare Provider,2306,10/18/2021,Unauthorized Access/Disclosure,Email,No,NA
Medical Practice Solutions,MS,Business Associate,501,10/18/2021,Unauthorized Access/Disclosure,Desktop Computer,Yes,NA
Family of Woodstock,NY,Healthcare Provider,8214,10/17/2021,Hacking/IT Incident,Network Server,No,NA
"Limeade, Inc.",WA,Business Associate,2287,10/15/2021,Unauthorized Access/Disclosure,"Desktop Computer, Other Portable Electronic Device",Yes,NA
"UMass Memorial Health Care, Inc.",MA,Business Associate,209048,10/15/2021,Hacking/IT Incident,Email,Yes,NA
Anthem Inc.,IN,Health Plan,2023,10/15/2021,Hacking/IT Incident,Network Server,Yes,NA
"Syracuse ASC, LLC",NY,Healthcare Provider,24891,10/14/2021,Hacking/IT Incident,Network Server,No,NA
"Clinical Pathology Diagnostics, LLC",CT,Healthcare Provider,2500,10/12/2021,Hacking/IT Incident,Email,Yes,NA
Orange County Health Authority,CA,Health Plan,4732,10/12/2021,Unauthorized Access/Disclosure,Paper/Films,No,NA
North East Ohio Network,OH,Healthcare Provider,3555,10/08/2021,Hacking/IT Incident,Email,No,NA
"ReproSource Fertility Diagnostics, Inc.",MA,Healthcare Provider,350000,10/08/2021,Hacking/IT Incident,Network Server,No,NA
University Hospital,NJ,Healthcare Provider,9329,10/08/2021,Unauthorized Access/Disclosure,"Electronic Medical Record, Other",No,NA
Independent Health Corporation,NY,Business Associate,541,10/08/2021,Unauthorized Access/Disclosure,Email,Yes,NA
"Senior Living, LLC and Pilgrim River, LLC",NJ,Healthcare Provider,3952,10/07/2021,Hacking/IT Incident,Network Server,No,NA
JDC Healthcare Management LLC,TX,Healthcare Provider,501,10/07/2021,Hacking/IT Incident,Network Server,No,NA
Carteret Health Care,NC,Healthcare Provider,1235,10/06/2021,Theft,Paper/Films,No,NA
Wirt County Health Services Association d/b/a Coplin Health Systems,WV,Healthcare Provider,2643,10/05/2021,Unauthorized Access/Disclosure,Paper/Films,No,NA
Rockbridge Area Community Services Board,VA,Healthcare Provider,2000,10/04/2021,Hacking/IT Incident,Network Server,No,NA
"Dormant: Professional Dental Alliance of Florida, LLC",PA,Healthcare Provider,18626,10/01/2021,Unauthorized Access/Disclosure,Email,No,NA
"Dormant: Professional Dental Alliance of Georgia, PLLC",PA,Healthcare Provider,23974,10/01/2021,Unauthorized Access/Disclosure,Email,No,NA
"Dormant: Professional Dental Alliance of Illinois, PLLC",PA,Healthcare Provider,16673,10/01/2021,Unauthorized Access/Disclosure,Email,No,NA
Dormant: Professional Dental Alliance of Massachusetts,PA,Healthcare Provider,607,10/01/2021,Unauthorized Access/Disclosure,Email,No,NA
"Dormant: Professional Dental Alliance of Michigan, PLLC",PA,Healthcare Provider,26054,10/01/2021,Unauthorized Access/Disclosure,Email,No,NA
"Professional Dental Alliance, LLC",PA,Healthcare Provider,47173,10/01/2021,Unauthorized Access/Disclosure,Email,No,NA
"Dormant: NADG Hopewell, Inc.",PA,Healthcare Provider,1143,10/01/2021,Unauthorized Access/Disclosure,Email,No,NA
"Dormant: Professional Dental Alliance of Indiana, PLLC",PA,Healthcare Provider,7359,10/01/2021,Unauthorized Access/Disclosure,Email,No,NA
"Dormant: Professional Dental Alliance of Connecticut, PLLC",PA,Healthcare Provider,6237,10/01/2021,Unauthorized Access/Disclosure,Email,No,NA
"Dormant: Professional Dental Alliance of Tennessee, LLC",PA,Healthcare Provider,11217,10/01/2021,Unauthorized Access/Disclosure,Email,No,NA
OSF HealthCare System,IL,Healthcare Provider,53907,10/01/2021,Hacking/IT Incident,Network Server,No,NA
"Dormant: Professional Dental Alliance of New York, PLLC",PA,Healthcare Provider,10778,10/01/2021,Unauthorized Access/Disclosure,Email,No,NA
Eskenazi Health,IN,Healthcare Provider,1515918,10/01/2021,Hacking/IT Incident,Network Server,No,NA
"Dormant: Professional Dental Alliance of Texas, PLLC",PA,Healthcare Provider,4235,10/01/2021,Unauthorized Access/Disclosure,Email,No,NA
Premier Management Company,TX,Healthcare Provider,37636,09/30/2021,Unauthorized Access/Disclosure,"Laptop, Other, Other Portable Electronic Device",No,NA
"Lakewood Manor Baptist Retirement Community, Inc. d/b/a Lakewood",VA,Healthcare Provider,1205,09/27/2021,Hacking/IT Incident,Email,No,NA
Zenith American Solutions,WA,Business Associate,1907,09/24/2021,Unauthorized Access/Disclosure,Paper/Films,Yes,NA
"Digital Insurance, LLC doing business as OneDigital",GA,Health Plan,895,09/24/2021,Hacking/IT Incident,Network Server,No,NA
Griffith Energy Services Inc. Welfare Benefit Plan,MD,Health Plan,500,09/24/2021,Hacking/IT Incident,Network Server,No,NA
Epilepsy Foundation of Texas,TX,Healthcare Provider,2824,09/24/2021,Hacking/IT Incident,Email,No,NA
The Menninger Clinic,TX,Healthcare Provider,1365,09/24/2021,Hacking/IT Incident,Email,No,NA
"Navistar, Inc. Health Plan and the Navistar, Inc. Retiree Health Benefit and Life Insurance Plan",IL,Health Plan,49000,09/24/2021,Hacking/IT Incident,Network Server,No,NA
State of Alaska Department of Health & Social Services,AK,Health Plan,500000,09/22/2021,Hacking/IT Incident,"Desktop Computer, Laptop, Network Server",No,NA
Aetna ACE,CT,Health Plan,1011,09/22/2021,Hacking/IT Incident,Email,Yes,NA
Cerebral Medical Group,FL,Healthcare Provider,875,09/21/2021,Unauthorized Access/Disclosure,Other,No,NA
GYN Emergent Care Center,CA,Healthcare Provider,5080,09/21/2021,Loss,Paper/Films,No,NA
"McAllen Surgical Specialty Center, Ltd.",TX,Healthcare Provider,29227,09/20/2021,Hacking/IT Incident,"Desktop Computer, Electronic Medical Record, Laptop, Network Server",No,NA
Illinois Department of Human Services and Illinois Department of Healthcare and Family Services,IL,Healthcare Provider,1960,09/20/2021,Hacking/IT Incident,Network Server,No,NA
Georgia Department of Human Services,GA,Healthcare Clearing House,500,09/17/2021,Hacking/IT Incident,Network Server,Yes,NA
"Horizon House, Inc.",PA,Healthcare Provider,27823,09/17/2021,Hacking/IT Incident,Network Server,No,NA
"Orlick & Kasper, M.D.'s, P.A.",FL,Healthcare Provider,30000,09/17/2021,Theft,"Desktop Computer, Electronic Medical Record, Other Portable Electronic Device",No,NA
"Welfare & Pension Administration Service, Inc.",WA,Health Plan,545,09/17/2021,Hacking/IT Incident,Network Server,No,NA
Famous Enterprises Inc. Employee Benefit Plan,OH,Health Plan,528,09/17/2021,Hacking/IT Incident,Network Server,No,NA
Samaritan Center of Puget Sound,WA,Healthcare Provider,20866,09/15/2021,Theft,"Desktop Computer, Network Server",No,NA
Directions for Living,FL,Healthcare Provider,19494,09/15/2021,Hacking/IT Incident,Network Server,No,NA
Simon Eye Management,DE,Healthcare Provider,144373,09/14/2021,Hacking/IT Incident,Email,No,NA
Eastern Los Angeles Regional Center,CA,Business Associate,12921,09/13/2021,Hacking/IT Incident,Email,Yes,NA
Indian Creek Foundation,PA,Healthcare Provider,2405,09/13/2021,Hacking/IT Incident,Network Server,No,NA
Abeo Solutions Inc. d/b/a Crystal Practice Management,TX,Business Associate,4774,09/13/2021,Hacking/IT Incident,Network Server,Yes,NA
Buddhist Tzu Chi Medical Foundation,CA,Healthcare Provider,18968,09/13/2021,Hacking/IT Incident,Network Server,No,NA
Consumer Direct Care Network Arizona,AZ,Healthcare Provider,504,09/10/2021,Hacking/IT Incident,Email,No,NA
Talbert House,OH,Healthcare Provider,45000,09/10/2021,Hacking/IT Incident,Network Server,No,NA
"Rehabilitation Support Services, Inc.",NY,Healthcare Provider,23907,09/10/2021,Hacking/IT Incident,Network Server,No,NA
"Central Texas Medical Specialists, PLLC dba Austin Cancer Centers",TX,Healthcare Provider,36503,09/10/2021,Hacking/IT Incident,Network Server,No,NA
CVS Pharmacy,RI,Healthcare Provider,826,09/10/2021,Theft,Paper/Films,No,NA
"Vista Radiology, P.C.",TN,Healthcare Provider,3634,09/09/2021,Hacking/IT Incident,Network Server,No,NA
"HBP Financial Services Group, LTD",CT,Business Associate,938,09/08/2021,Hacking/IT Incident,Email,Yes,NA
"Radiology Associates of Albuquerque, PA and Advanced Imaging, LLC",NM,Healthcare Provider,501,09/08/2021,Hacking/IT Incident,Network Server,No,NA
City of Joplin,MO,Health Plan,513,09/08/2021,Hacking/IT Incident,Network Server,No,NA
"Resource Anesthesiology Association of California, a Medical Corporation",CA,Healthcare Provider,2835,09/05/2021,Theft,"Laptop, Paper/Films",No,NA
"Asarco Health, Dental, Vision, Flexible Spending, Non-Union Employee Benefits, and Retiree Medical Plans",AZ,Health Plan,28000,09/03/2021,Hacking/IT Incident,Network Server,No,NA
"Eastern Connecticut Pathology Consultants, P.C.",CT,Healthcare Provider,5978,09/03/2021,Hacking/IT Incident,Email,Yes,NA
"ADEC, Inc.",IN,Healthcare Provider,2000,09/03/2021,Hacking/IT Incident,Email,No,NA
"USV Optical, Inc.",NJ,Healthcare Provider,180000,09/03/2021,Hacking/IT Incident,Network Server,No,NA
California Department of State Hospitals - Coalinga,CA,Healthcare Provider,1738,09/03/2021,Unauthorized Access/Disclosure,Email,No,NA
"Sequoia Concepts, Inc.",CA,Business Associate,2230,09/02/2021,Hacking/IT Incident,Network Server,Yes,NA
Dan L. Beaupre,WI,Business Associate,2000,09/01/2021,Unauthorized Access/Disclosure,"Network Server, Paper/Films",Yes,NA
Thomas Eye Group,GA,Healthcare Provider,500,08/30/2021,Unauthorized Access/Disclosure,Network Server,No,NA
"Ijaola, LLC d/b/a Mercy Grace Private Practice",AZ,Healthcare Provider,4450,08/30/2021,Hacking/IT Incident,Email,No,NA
Queen Creek Medical Center d/b/a Desert Wells Family Medicine,AZ,Healthcare Provider,35000,08/30/2021,Hacking/IT Incident,Network Server,No,NA
"Healthpointe Medical Group, Inc.",CA,Healthcare Provider,11000,08/30/2021,Hacking/IT Incident,Network Server,No,NA
Easterseals Delaware & Maryland's Eastern Shore,DE,Healthcare Provider,501,08/30/2021,Hacking/IT Incident,Email,No,NA
"DuPage Medical Group, Ltd.",IL,Healthcare Provider,655384,08/30/2021,Hacking/IT Incident,Network Server,No,NA
"CareATC, Inc.",OK,Healthcare Provider,98774,08/27/2021,Hacking/IT Incident,Email,No,NA
Family Medical Center of Michigan,MI,Healthcare Provider,21988,08/26/2021,Hacking/IT Incident,Network Server,No,NA
Medical Business Management,AL,Business Associate,1750,08/25/2021,Hacking/IT Incident,Network Server,Yes,NA
LifeLong Medical Care,CA,Healthcare Provider,115448,08/25/2021,Hacking/IT Incident,Network Server,Yes,NA
San Andreas Regional Center,CA,Business Associate,57244,08/25/2021,Hacking/IT Incident,Network Server,Yes,NA
The Wedge Medical Center,PA,Healthcare Provider,29000,08/24/2021,Hacking/IT Incident,Network Server,No,NA
"Denton County, Texas",TX,Healthcare Provider,326417,08/24/2021,Unauthorized Access/Disclosure,Network Server,No,NA
CarePointe ENT,IN,Healthcare Provider,48742,08/23/2021,Hacking/IT Incident,Network Server,No,NA
Gregory P. Vannucci DDS,IA,Healthcare Provider,26144,08/20/2021,Hacking/IT Incident,Network Server,No,NA
"Central Utah Clinic, P.C. dba Revere Health",UT,Healthcare Provider,12433,08/19/2021,Hacking/IT Incident,Email,No,NA
Nova Biomedical Corporation,MA,Health Plan,3774,08/17/2021,Hacking/IT Incident,Network Server,No,NA
Nashua Regional Cancer Center dba Radiation Center of Greater Nashua,NH,Healthcare Provider,520,08/17/2021,Hacking/IT Incident,Network Server,Yes,NA
Metro Infectious Disease Consultants,IL,Healthcare Provider,171740,08/16/2021,Hacking/IT Incident,Email,No,NA
UTMP Surgical Oncology,TN,Healthcare Provider,1310,08/16/2021,Unauthorized Access/Disclosure,Paper/Films,No,NA
Texoma Community Center,TX,Healthcare Provider,24021,08/16/2021,Hacking/IT Incident,Email,No,NA
"Alluma, Inc",MN,Healthcare Provider,4117,08/15/2021,Unauthorized Access/Disclosure,Paper/Films,No,NA
McCoy Consulting Services LLC,WV,Business Associate,5500,08/13/2021,Hacking/IT Incident,Email,Yes,NA
"Fairfax Medical Facilities, Inc.",OK,Healthcare Provider,4970,08/13/2021,Hacking/IT Incident,Email,No,NA
University Medical Center Southern Nevada,NV,Healthcare Provider,1300000,08/13/2021,Hacking/IT Incident,Network Server,No,NA
"Frisco Fertility Center, PLLC dba Dallas IVF",TX,Healthcare Provider,552,08/12/2021,Unauthorized Access/Disclosure,Electronic Medical Record,No,NA
Waste Management Health and Welfare Benefits Plan,TX,Health Plan,922,08/12/2021,Hacking/IT Incident,Network Server,No,NA
Children's Hospital of The King's Daughters,VA,Healthcare Provider,914,08/11/2021,Hacking/IT Incident,Email,No,NA
"Express MRI – Norcross, LLC",GA,Business Associate,1707,08/11/2021,Hacking/IT Incident,Email,Yes,NA
"St. Joseph's/Candler Health System, Inc.",GA,Healthcare Provider,1400000,08/10/2021,Hacking/IT Incident,Network Server,No,NA
Electromed,MN,Healthcare Provider,47200,08/09/2021,Hacking/IT Incident,Network Server,No,NA
Long Island Jewish Forest Hills Hospital,NY,Healthcare Provider,10333,08/06/2021,Unauthorized Access/Disclosure,Electronic Medical Record,No,NA
Wisconsin Institute of Urology S.C.,WI,Healthcare Provider,4819,08/05/2021,Hacking/IT Incident,Email,No,NA
UNM Health,NM,Healthcare Provider,637252,08/03/2021,Hacking/IT Incident,Network Server,No,NA
Vision for Hope,IL,Healthcare Provider,5517,08/03/2021,Hacking/IT Incident,Email,No,NA
Hospice of the Piedmont,VA,Healthcare Provider,10682,08/02/2021,Hacking/IT Incident,Email,No,NA
Valley Physical Medicine & Rehabilitation,AZ,Health Plan,1866,08/02/2021,Unauthorized Access/Disclosure,Email,No,NA
UF Health Central Florida,FL,Healthcare Provider,700981,07/30/2021,Hacking/IT Incident,Network Server,No,NA
UnitedHealth Group Single Affiliated Covered Entity,MN,Health Plan,774,07/30/2021,Unauthorized Access/Disclosure,Network Server,No,NA
"Eau Claire Cooperative Health, Inc. DBA Cooperative Health",SC,Healthcare Provider,3755,07/29/2021,Hacking/IT Incident,Other,Yes,NA
K&B Surgical Center LLC,CA,Healthcare Provider,18444,07/28/2021,Hacking/IT Incident,"Desktop Computer, Electronic Medical Record, Network Server",No,NA
"A2Z Diagnostics, LLC",NJ,Healthcare Provider,35587,07/28/2021,Hacking/IT Incident,Email,No,NA
Benefis Hospitals Inc,MT,Healthcare Provider,81043,07/27/2021,Hacking/IT Incident,Email,No,NA
Harris County,TX,Healthcare Provider,26000,07/27/2021,Unauthorized Access/Disclosure,Other,No,NA
"siParadigm, LLC",NJ,Healthcare Provider,1654,07/26/2021,Unauthorized Access/Disclosure,Network Server,No,NA
NCH Corporation,TX,Health Plan,11427,07/24/2021,Hacking/IT Incident,Network Server,No,NA
"Yale New Haven Health Services Corporation (""YNHHS"")",CT,Healthcare Provider,14603,07/23/2021,Hacking/IT Incident,Network Server,Yes,NA
Mobile County Commission,AL,Business Associate,1337,07/23/2021,Hacking/IT Incident,Network Server,Yes,NA
Medi-Lynx Cardiac Monitoring,TX,Healthcare Provider,1841,07/23/2021,Hacking/IT Incident,Network Server,No,NA
Electrical Workers Local 369,KY,Health Plan,662,07/23/2021,Hacking/IT Incident,Email,No,NA
Ascension Via Christi ACE,KS,Healthcare Provider,1977,07/23/2021,Hacking/IT Incident,Email,Yes,NA
West Holt Memorial Hospital,NE,Healthcare Provider,541,07/22/2021,Hacking/IT Incident,Email,No,NA
Thomas Jefferson University Hospital,PA,Business Associate,1346,07/22/2021,Hacking/IT Incident,Network Server,Yes,NA
North Oklahoma County Mental Health Center d/b/a NorthCare,OK,Healthcare Provider,128556,07/21/2021,Hacking/IT Incident,Network Server,No,NA
"Academic HealthPlans, Inc.",TX,Business Associate,2330,07/21/2021,Hacking/IT Incident,Email,Yes,NA
Prestera Center for Mental Health Services,WV,Healthcare Provider,2152,07/20/2021,Hacking/IT Incident,Email,No,NA
"Standard Modern Company, Inc.",MA,Business Associate,2707,07/20/2021,Unauthorized Access/Disclosure,Paper/Films,Yes,NA
Texas Health Presbyterian Hospital Flower Mound,TX,Healthcare Provider,781,07/20/2021,Unauthorized Access/Disclosure,Email,No,NA
"Orlando Family Physicians, LLC",FL,Healthcare Provider,447426,07/20/2021,Hacking/IT Incident,Email,No,NA
Youth Consultation Service,NJ,Healthcare Provider,2756,07/19/2021,Hacking/IT Incident,Network Server,No,NA
Southwest Nebraska Public Health Department,NE,Healthcare Provider,13500,07/19/2021,Unauthorized Access/Disclosure,Desktop Computer,No,NA
The University of North Carolina at Chapel Hill School of Medicine,NC,Healthcare Provider,2718,07/19/2021,Hacking/IT Incident,Email,No,NA
The Cancer Center of Greenwood Leflore Hospital,MS,Healthcare Provider,2700,07/19/2021,Hacking/IT Incident,Network Server,Yes,NA
"Dynamic Health Care, Inc.",IL,Business Associate,947,07/16/2021,Hacking/IT Incident,Network Server,Yes,NA
"CleanSlate Centers, Inc.",TN,Healthcare Provider,856,07/16/2021,Hacking/IT Incident,Email,No,NA
Adena Fayette Medical Center,OH,Healthcare Provider,1389,07/16/2021,Hacking/IT Incident,Email,No,NA
Guidehouse,VA,Business Associate,84220,07/15/2021,Hacking/IT Incident,Other,Yes,NA
City of Lincoln Aging Partners,NE,Business Associate,1513,07/14/2021,Hacking/IT Incident,Email,Yes,NA
Nystrom & Associates,MN,Healthcare Provider,985,07/13/2021,Hacking/IT Incident,Email,No,NA
On Lok Senior Health Services,CA,Health Plan,1643,07/13/2021,Hacking/IT Incident,Network Server,No,NA
The George Washington University Medical Faculty Associates,DC,Healthcare Provider,576,07/13/2021,Unauthorized Access/Disclosure,Email,No,NA
Bakersfield Hematology Oncology Inc.,CA,Healthcare Provider,1286,07/12/2021,Unauthorized Access/Disclosure,Electronic Medical Record,No,NA
"CSI Financial Services, LLC (""ClearBalance"")",CA,Business Associate,5156,07/10/2021,Hacking/IT Incident,Email,Yes,NA
Starling Physicians,CT,Healthcare Provider,2808,07/09/2021,Hacking/IT Incident,Email,No,NA
CNA Financial Corporation,IL,Health Plan,5095,07/08/2021,Hacking/IT Incident,Network Server,No,NA
Osborn Cancer Care,WA,Healthcare Provider,4614,07/08/2021,Hacking/IT Incident,Network Server,Yes,NA
"Forefront Dermatology, S.C.",WI,Healthcare Provider,2413553,07/08/2021,Hacking/IT Incident,Network Server,Yes,NA
Lake County Health Department and Community Health Center,IL,Healthcare Provider,705,07/08/2021,Unauthorized Access/Disclosure,Network Server,No,NA
Florida Heart Associates,FL,Healthcare Provider,45148,07/07/2021,Hacking/IT Incident,Network Server,No,NA
Hope Medical LLC,GA,Healthcare Provider,500,07/07/2021,Unauthorized Access/Disclosure,Paper/Films,No,NA
HealthReach Community Health Centers,ME,Healthcare Provider,122340,07/06/2021,Improper Disposal,Electronic Medical Record,No,NA
Hot Springs Health Program,NC,Healthcare Provider,1984,07/06/2021,Unauthorized Access/Disclosure,Email,No,NA
"Coastal Family Health Center, Inc",MS,Healthcare Provider,62342,07/02/2021,Hacking/IT Incident,Network Server,No,NA
"University of Maryland, Baltimore",MD,Business Associate,37263,07/02/2021,Hacking/IT Incident,Network Server,Yes,NA
CentraCare Health System,MN,Healthcare Provider,842,07/02/2021,Hacking/IT Incident,Network Server,Yes,NA
"St. Vincent's Services, Inc. D/B/A HeartShare St. Vincent's Services",NY,Healthcare Provider,1927,07/02/2021,Hacking/IT Incident,Network Server,Yes,NA
"HeartShare Wellness, LTD",NY,Healthcare Provider,586,07/02/2021,Hacking/IT Incident,Network Server,Yes,NA
"Professional Business Systems, Inc., d/b/a Practicefirst Medical Management Solutions and PBS Medcode Corp., (“Practicefirst”)",NY,Business Associate,1210688,07/01/2021,Hacking/IT Incident,Network Server,Yes,NA
Wayne County Hospital,IA,Healthcare Provider,2016,07/01/2021,Hacking/IT Incident,Email,No,NA
Florida Blue,FL,Health Plan,30063,07/01/2021,Hacking/IT Incident,Network Server,No,NA
"PracticeMax, Inc.",AZ,Business Associate,500,06/30/2021,Hacking/IT Incident,Network Server,Yes,NA
NYC Health + Hospitals,NY,Healthcare Provider,43727,06/30/2021,Hacking/IT Incident,Network Server,Yes,NA
"Francisco J. Pabalan MD, INC",CA,Healthcare Provider,50000,06/30/2021,Hacking/IT Incident,Network Server,No,NA
"Dermatology Group of Arkansas, PA",AR,Healthcare Provider,1579,06/29/2021,Hacking/IT Incident,Email,No,NA
Peoples Community Health Clinic,IA,Healthcare Provider,40084,06/29/2021,Hacking/IT Incident,Email,No,NA
Penn Foundation,PA,Healthcare Provider,768,06/29/2021,Hacking/IT Incident,Network Server,No,NA
Ankle and Foot Physicians and Surgeons PLLC,WA,Healthcare Provider,5244,06/28/2021,Hacking/IT Incident,Network Server,No,NA
Dental Center of Westport Group LLC,CT,Healthcare Provider,2175,06/28/2021,Hacking/IT Incident,Email,No,NA
"Fairbanks Cancer Care Physicians, P.C.",AK,Healthcare Provider,2426,06/28/2021,Hacking/IT Incident,Network Server,Yes,NA
CVS Caremark,RI,Business Associate,3064,06/28/2021,Unauthorized Access/Disclosure,Paper/Films,Yes,NA
Physicians Dialysis,FL,Healthcare Provider,1998,06/25/2021,Hacking/IT Incident,Network Server,No,NA
Northwestern Memorial HealthCare,IL,Healthcare Provider,201197,06/25/2021,Hacking/IT Incident,Network Server,Yes,NA
"Smile Brands, Inc.",CA,Business Associate,199683,06/24/2021,Hacking/IT Incident,Network Server,Yes,NA
MultiPlan,NY,Business Associate,214956,06/24/2021,Hacking/IT Incident,Email,Yes,NA
Aultman Health Foundation,OH,Healthcare Provider,7354,06/24/2021,Unauthorized Access/Disclosure,Electronic Medical Record,No,NA
"Mississippi Center for Advanced Medicine, PC",MS,Healthcare Provider,9664,06/23/2021,Hacking/IT Incident,Network Server,No,NA
Abode Services,CA,Healthcare Provider,1172,06/22/2021,Hacking/IT Incident,Email,No,NA
Tiburcio Vasquez Health Center Inc.,CA,Healthcare Provider,2042,06/22/2021,Hacking/IT Incident,Network Server,Yes,NA
United Neighborhood Health Services d/b/a Neighborhood Health,TN,Healthcare Provider,1519,06/22/2021,Hacking/IT Incident,Network Server,Yes,NA
Hawaii Independent Physicians Association,HI,Business Associate,18770,06/22/2021,Hacking/IT Incident,Email,Yes,NA
Renown Health,NV,Healthcare Provider,65181,06/22/2021,Hacking/IT Incident,Network Server,Yes,NA
"Eye Consultants of Atlanta / Piedmont System Ambulatory Surgery Center, LLC",GA,Healthcare Provider,2662,06/19/2021,Improper Disposal,Paper/Films,No,NA
"Charles E. Jones DDS PC, DBA Jones Family Dental",OR,Healthcare Provider,6493,06/18/2021,Hacking/IT Incident,Network Server,No,NA
University of Wisconsin Hospitals and Clinics Authority,WI,Healthcare Provider,4318,06/18/2021,Hacking/IT Incident,Network Server,No,NA
Walmart Inc.,AR,Healthcare Provider,14532,06/18/2021,Loss,Paper/Films,No,NA
"JFK Medical Associates, PA d/b/a Coastal Medical Group",NJ,Healthcare Provider,1304,06/18/2021,Hacking/IT Incident,"Desktop Computer, Network Server",No,NA
Prominence Health Plan,NV,Health Plan,45000,06/18/2021,Hacking/IT Incident,Other,No,NA
Singing River Health System,MS,Healthcare Provider,3543,06/17/2021,Hacking/IT Incident,Network Server,Yes,NA
"Reproductive Biology Associates, LLC and its affiliate My Egg Bank, LLC",GA,Healthcare Provider,38000,06/15/2021,Hacking/IT Incident,Network Server,No,NA
Health Care Service Corp,IL,Health Plan,543,06/15/2021,Hacking/IT Incident,Network Server,Yes,NA
Golden Care Pharmacy LLC,NJ,Healthcare Provider,5530,06/14/2021,Hacking/IT Incident,"Desktop Computer, Electronic Medical Record, Network Server",No,NA
"St. Charles Health System, Inc.",OR,Healthcare Provider,4687,06/14/2021,Hacking/IT Incident,Network Server,Yes,NA
Centura Health,CO,Healthcare Provider,738,06/12/2021,Hacking/IT Incident,Email,No,NA
"Care Inns of Texas, Ltd",TX,Business Associate,550,06/11/2021,Hacking/IT Incident,Email,Yes,NA
Illinois Attorney General's Office,IL,Business Associate,501,06/09/2021,Hacking/IT Incident,Network Server,Yes,NA
Epic Care,CA,Healthcare Provider,9000,06/09/2021,Hacking/IT Incident,Electronic Medical Record,Yes,NA
Falcon Group International Corp,NY,Healthcare Provider,1900,06/09/2021,Unauthorized Access/Disclosure,Electronic Medical Record,No,NA
Minnesota Community Care,MN,Healthcare Provider,64855,06/08/2021,Hacking/IT Incident,Network Server,Yes,NA
UC San Diego Health,CA,Healthcare Provider,495949,06/08/2021,Hacking/IT Incident,Network Server,No,NA
"PA Health & Wellness, Inc.",PA,Health Plan,1325,06/07/2021,Hacking/IT Incident,Network Server,Yes,NA
Glacier Medical Associates,MT,Healthcare Provider,3007,06/07/2021,Hacking/IT Incident,Network Server,No,NA
"Discovery Practice Management, Inc.",CA,Business Associate,13611,06/05/2021,Hacking/IT Incident,Email,Yes,NA
UW Medicine,WA,Healthcare Provider,18389,06/04/2021,Hacking/IT Incident,Network Server,Yes,NA
San Juan Regional Medical Center,NM,Healthcare Provider,68792,06/04/2021,Hacking/IT Incident,Network Server,No,NA
Wisconsin Department of Health Services,WI,Health Plan,2868,06/04/2021,Hacking/IT Incident,Email,No,NA
East Jordan Family Health Center,MI,Healthcare Provider,1151,06/04/2021,Hacking/IT Incident,Network Server,Yes,NA
Steward Medical Group,MA,Healthcare Provider,640,06/04/2021,Hacking/IT Incident,Email,No,NA
"AtriCure, Inc. Group Health Plan",OH,Health Plan,2487,06/04/2021,Hacking/IT Incident,Email,No,NA
"Cancer Centers of Southwest Oklahoma, LLC",OK,Healthcare Provider,8000,06/04/2021,Hacking/IT Incident,"Electronic Medical Record, Network Server",Yes,NA
Absolute Total Care,SC,Health Plan,1286,06/04/2021,Hacking/IT Incident,Network Server,Yes,NA
Turning Point Clinic,MD,Healthcare Provider,700,06/03/2021,Hacking/IT Incident,Network Server,No,NA
Moses Lake Community Health Center,WA,Healthcare Provider,1190,06/02/2021,Unauthorized Access/Disclosure,Network Server,Yes,NA
Hill Country Community Clinic dba Hill Country Health and Wellness Center,CA,Healthcare Provider,2658,06/01/2021,Hacking/IT Incident,Network Server,Yes,NA
Scripps Health,CA,Healthcare Provider,147267,06/01/2021,Hacking/IT Incident,Network Server,No,NA
Superior HealthPlan,TX,Health Plan,2781,06/01/2021,Hacking/IT Incident,Network Server,Yes,NA
Five Rivers Health Centers,OH,Healthcare Provider,155748,05/28/2021,Hacking/IT Incident,Email,No,NA
Lafourche Medical Group,LA,Healthcare Provider,34862,05/28/2021,Hacking/IT Incident,Email,No,NA
Sturdy Memorial Hospital,MA,Healthcare Provider,57379,05/28/2021,Hacking/IT Incident,Network Server,No,NA
Walgreen Co.,IL,Healthcare Provider,6498,05/28/2021,Improper Disposal,Paper/Films,No,NA
SEIU 775 Benefits Group,WA,Business Associate,140000,05/27/2021,Hacking/IT Incident,Network Server,Yes,NA
Dean Health Servicing Company,WI,Business Associate,1025,05/26/2021,Hacking/IT Incident,Email,Yes,NA
LogicGate,IL,Business Associate,47035,05/26/2021,Hacking/IT Incident,Network Server,Yes,NA
Buckeye Health Plan,OH,Health Plan,2334,05/26/2021,Hacking/IT Incident,Network Server,Yes,NA
Center for Human Development,MA,Healthcare Provider,5000,05/25/2021,Hacking/IT Incident,Network Server,No,NA
Rogue Community Health,OR,Healthcare Provider,847,05/25/2021,Hacking/IT Incident,Network Server,Yes,NA
"20/20 Eye Care Network, Inc",FL,Business Associate,4142440,05/24/2021,Hacking/IT Incident,Network Server,Yes,NA
Washoe Barton Medical Clinic d/b/a Carson Valley Medical Center,NV,Healthcare Provider,1115,05/24/2021,Unauthorized Access/Disclosure,Network Server,Yes,NA
Harper County Community Hospital,OK,Healthcare Provider,5725,05/24/2021,Hacking/IT Incident,Network Server,No,NA
Aspen Dental Management LLC,NY,Business Associate,9620,05/21/2021,Theft,Laptop,Yes,NA
Westwood Obstetrics and Gynecology (“Westwood”),IL,Healthcare Provider,12931,05/21/2021,Hacking/IT Incident,Network Server,Yes,NA
Beech Acres Parenting Center,OH,Healthcare Provider,8212,05/21/2021,Hacking/IT Incident,Email,No,NA
Swedish Covenant Health DBA Swedish Hospital,IL,Healthcare Provider,4206,05/20/2021,Hacking/IT Incident,Email,No,NA
Rehoboth McKinley Christian Health Care Services,NM,Healthcare Provider,207195,05/19/2021,Hacking/IT Incident,Network Server,No,NA
Southwestern Indiana Regional Council on Aging,IN,Healthcare Provider,4250,05/19/2021,Hacking/IT Incident,Email,No,NA
The Miriam Hospital,RI,Healthcare Provider,2999,05/17/2021,Unauthorized Access/Disclosure,Email,No,NA
"CareSouth Carolina, Inc.",SC,Healthcare Provider,76035,05/14/2021,Hacking/IT Incident,Network Server,Yes,NA
Community Access Unlimited,NJ,Business Associate,13813,05/13/2021,Hacking/IT Incident,Network Server,Yes,NA
"InVue Security Products, Inc. Employee Group Health Plan",NC,Health Plan,1062,05/12/2021,Hacking/IT Incident,Network Server,No,NA
"New England Dermatology and Laser Center, P.C.",MA,Healthcare Provider,58106,05/11/2021,Improper Disposal,Paper/Films,No,NA
Master Equity Texas Limited Partnership,TX,Healthcare Clearing House,1962,05/11/2021,Unauthorized Access/Disclosure,Email,No,NA
"Internal Medicine Associates of Jasper, PC, dba Prestige Medical Group",GA,Healthcare Provider,34203,05/10/2021,Hacking/IT Incident,Network Server,No,NA
UnitedHealth Group Health Plan SACE,MN,Health Plan,666,05/10/2021,Unauthorized Access/Disclosure,"Network Server, Other",No,NA
Nocona General Hospital,TX,Healthcare Provider,3254,05/07/2021,Hacking/IT Incident,Network Server,No,NA
Serendipity Hearing Inc.,CA,Healthcare Provider,3100,05/06/2021,Theft,Desktop Computer,No,NA
Brownsville Community Health Center dba New Horizon Medical Center,TX,Healthcare Provider,4258,05/06/2021,Hacking/IT Incident,Network Server,Yes,NA
Implant and Prosthodontic Associates,OK,Healthcare Provider,6134,05/06/2021,Theft,Other Portable Electronic Device,No,NA
"NEC Networks, LLC d/b/a CaptureRx",TX,Business Associate,1656569,05/05/2021,Hacking/IT Incident,Network Server,Yes,NA
Orthopedic Associates of Dutchess County,NY,Healthcare Provider,331376,05/04/2021,Hacking/IT Incident,Network Server,No,NA
Arizona Asthma and Allergy Institute,AZ,Healthcare Provider,70372,05/03/2021,Hacking/IT Incident,Network Server,No,NA
"LifeBridge Community Gastroenterology, LLC dba Woodholme Gastroenterology",MD,Healthcare Provider,50000,04/30/2021,Hacking/IT Incident,Network Server,No,NA
Achievement Center of LECOM Health,PA,Healthcare Provider,1671,04/30/2021,Hacking/IT Incident,Email,No,NA
"St. John's Well Child and Family Center, Inc.",CA,Healthcare Provider,29030,04/29/2021,Hacking/IT Incident,Network Server,No,NA
Wyoming Department of Health,WY,Health Plan,164010,04/29/2021,Unauthorized Access/Disclosure,Network Server,No,NA
Hand to Shoulder Specialists of Wisconsin Ltd.,WI,Healthcare Provider,39317,04/28/2021,Hacking/IT Incident,Network Server,No,NA
NPS Corporation,WI,Health Plan,999,04/28/2021,Hacking/IT Incident,Network Server,No,NA
Werner Electric Supply,WI,Health Plan,720,04/28/2021,Hacking/IT Incident,Network Server,No,NA
"East Brunswick Open Upright MRI, LLC",NJ,Healthcare Provider,12151,04/28/2021,Hacking/IT Incident,"Electronic Medical Record, Network Server",No,NA
"Open Upright MRI, LLC, d/b/a Woodbridge Radiology",NJ,Healthcare Provider,25272,04/28/2021,Hacking/IT Incident,"Electronic Medical Record, Network Server",No,NA
"Middletown Ventures Associates, LLC, d/b/a Middletown Medical Imaging",NJ,Healthcare Provider,29945,04/28/2021,Hacking/IT Incident,"Electronic Medical Record, Network Server",No,NA
Peak Vista Community Health Centers,CO,Healthcare Provider,3118,04/26/2021,Theft,Desktop Computer,No,NA
"Allergy Partners, PLLC",NC,Healthcare Provider,1087,04/23/2021,Hacking/IT Incident,Network Server,No,NA
Catholic Charities of North Dakota,ND,Healthcare Provider,1901,04/23/2021,Hacking/IT Incident,Email,No,NA
Entrust Medical Billing,OH,Healthcare Provider,5426,04/22/2021,Hacking/IT Incident,Network Server,No,NA
Pediatric Associates of Milwaukee,WI,Healthcare Provider,8160,04/22/2021,Hacking/IT Incident,Network Server,No,NA
Gyrodata Incorporated,TX,Health Plan,944,04/22/2021,Hacking/IT Incident,Network Server,No,NA
"Center for Disease Detection, LLC",TX,Healthcare Provider,2436,04/21/2021,Unauthorized Access/Disclosure,Email,No,NA
"Health Aid of Ohio, Inc.",OH,Healthcare Provider,141149,04/20/2021,Hacking/IT Incident,Network Server,No,NA
"Kanan Medical, L.L.C",FL,Healthcare Provider,823,04/19/2021,Unauthorized Access/Disclosure,"Electronic Medical Record, Laptop, Network Server",No,NA
Urgent HomeMD,TX,Healthcare Provider,615,04/19/2021,Hacking/IT Incident,Email,No,NA
Texas MedClinic,TX,Healthcare Provider,6638,04/16/2021,Unauthorized Access/Disclosure,Other Portable Electronic Device,No,NA
"ElderServe Health, Inc. dba RiverSpring Health Plans",NY,Health Plan,31195,04/16/2021,Hacking/IT Incident,Email,No,NA
Chautauqua County,NY,Healthcare Provider,537,04/16/2021,Unauthorized Access/Disclosure,Email,No,NA
Sterling Area Health Center,MI,Healthcare Provider,3347,04/15/2021,Hacking/IT Incident,Network Server,Yes,NA
Montefiore Medical Center,NY,Healthcare Provider,943,04/13/2021,Unauthorized Access/Disclosure,Electronic Medical Record,No,NA
"Midwest Transplant Network, Inc.",KS,Healthcare Provider,17580,04/12/2021,Hacking/IT Incident,Network Server,No,NA
Regence,OR,Health Plan,803,04/12/2021,Hacking/IT Incident,Email,Yes,NA
"HME Specialists, LLC dba Home Medical Equipment Holdco, LLC",NM,Healthcare Provider,153013,04/09/2021,Hacking/IT Incident,Email,No,NA
"Wolfe Clinic, P.C.",IA,Healthcare Provider,527378,04/09/2021,Hacking/IT Incident,Network Server,No,NA
Crystal Lake Clinic PC,MI,Healthcare Provider,37331,04/09/2021,Hacking/IT Incident,Network Server,No,NA
"Harbor Health Services, Inc.",MA,Healthcare Provider,901,04/09/2021,Hacking/IT Incident,Network Server,Yes,NA
Aloha Practice Management LLC,CA,Business Associate,3835,04/07/2021,Hacking/IT Incident,Network Server,Yes,NA
"Winona Agency, Inc.",MN,Business Associate,4834,04/06/2021,Hacking/IT Incident,Email,Yes,NA
"Maestro Health, LLC",IL,Business Associate,2016,04/06/2021,Hacking/IT Incident,Email,Yes,NA
Atlanta Allergy & Asthma,GA,Healthcare Provider,9851,04/05/2021,Hacking/IT Incident,Network Server,No,NA
Trinity Health,MI,Business Associate,586869,04/05/2021,Hacking/IT Incident,Network Server,Yes,NA
Total Health Care Inc.,MI,Health Plan,221454,04/05/2021,Hacking/IT Incident,Email,No,NA
Bricker & Eckler LLP,OH,Business Associate,420532,04/02/2021,Hacking/IT Incident,Network Server,Yes,NA
Cornerstone Municipal Advisory Group LLC dba Manquen Vance,MI,Business Associate,7018,04/02/2021,Hacking/IT Incident,Email,Yes,NA
Belden Inc.,MO,Health Plan,6348,04/02/2021,Hacking/IT Incident,Network Server,No,NA
Squirrel Hill Health Center,PA,Healthcare Provider,23869,04/02/2021,Hacking/IT Incident,Network Server,No,NA
Med-Data Incorporated,TX,Business Associate,135908,04/01/2021,Unauthorized Access/Disclosure,Other,Yes,NA
Health Prime International,MD,Business Associate,17562,03/31/2021,Hacking/IT Incident,Network Server,Yes,NA
University Medical Center Southern Nevada,NV,Healthcare Provider,1833,03/31/2021,Unauthorized Access/Disclosure,Network Server,Yes,NA
Memorial Hermann Health System,TX,Healthcare Provider,1893,03/31/2021,Unauthorized Access/Disclosure,Other,Yes,NA
Memorial Sloan Kettering Cancer Center,NY,Healthcare Provider,18913,03/31/2021,Unauthorized Access/Disclosure,Network Server,Yes,NA
"Three Lower Counties Community Services, Inc. d/b/a Chesapeake Health Care",MD,Healthcare Provider,2505,03/31/2021,Unauthorized Access/Disclosure,Other Portable Electronic Device,No,NA
"La Clinica de La Raza, Inc. (La Clinica)",CA,Healthcare Provider,31132,03/29/2021,Hacking/IT Incident,Network Server,No,NA
Midland Care Connection Inc,KS,Healthcare Provider,1364,03/29/2021,Hacking/IT Incident,Network Server,Yes,NA
Apple Valley Clinic,MN,Healthcare Provider,157939,03/26/2021,Hacking/IT Incident,Network Server,Yes,NA
BioTel Heart,PA,Healthcare Provider,38575,03/26/2021,Hacking/IT Incident,Network Server,Yes,NA
The Centers for Advanced Orthopaedics,MD,Healthcare Provider,125291,03/25/2021,Hacking/IT Incident,Email,No,NA
Citywide Health Plan,UT,Health Plan,3321,03/24/2021,Hacking/IT Incident,Network Server,No,NA
"San Fernando Valley Medical Group, Inc.",CA,Healthcare Provider,1657,03/24/2021,Hacking/IT Incident,Network Server,No,NA
Mott Community College,MI,Health Plan,1612,03/24/2021,Hacking/IT Incident,Network Server,No,NA
Haven Behavioral Healthcare,TN,Business Associate,21714,03/23/2021,Hacking/IT Incident,Network Server,Yes,NA
University of Miami,FL,Healthcare Provider,500,03/23/2021,Hacking/IT Incident,Network Server,No,NA
Illinois Department of Healthcare and Family Services,IL,Health Plan,8848,03/22/2021,Unauthorized Access/Disclosure,Paper/Films,No,NA
"Gastroenterology Consultants, PA",TX,Healthcare Provider,161698,03/19/2021,Hacking/IT Incident,Network Server,No,NA
Cancer Treatment Centers of America at Midwestern Regional Medical Center,IL,Healthcare Provider,104808,03/19/2021,Hacking/IT Incident,Email,No,NA
Brandman Centers for Senior Care,CA,Health Plan,522,03/18/2021,Hacking/IT Incident,Network Server,Yes,NA
"Florida PACE Centers, Inc",FL,Health Plan,1502,03/18/2021,Unauthorized Access/Disclosure,Network Server,Yes,NA
"Sleep Medicine Associates of Texas, P.A.",TX,Healthcare Provider,994,03/17/2021,Unauthorized Access/Disclosure,Paper/Films,No,NA
Serenity Care PACE,MA,Healthcare Provider,658,03/16/2021,Unauthorized Access/Disclosure,"Network Server, Other",Yes,NA
"Colorado Retina Associates, P.C.",CO,Healthcare Provider,26609,03/12/2021,Hacking/IT Incident,Email,No,NA
Mobile Anesthesiologists,IL,Healthcare Provider,65403,03/10/2021,Hacking/IT Incident,Network Server,No,NA
"The New London Hospital Association, Inc.",NH,Healthcare Provider,34878,03/09/2021,Hacking/IT Incident,Network Server,No,NA
"Child Focus, Inc.",OH,Healthcare Provider,2716,03/05/2021,Hacking/IT Incident,"Laptop, Network Server",No,NA
"The Board of Trustees of Southern Illinois University, for and on behalf of its School of Medicine, and SIU Physicians & Surgeons, Inc.",IL,Healthcare Provider,40330,03/05/2021,Hacking/IT Incident,Network Server,No,NA
Dyras Dental,MI,Healthcare Provider,2745,03/05/2021,Hacking/IT Incident,Network Server,No,NA
"Arizona Oncology Associates, PC",AZ,Healthcare Provider,717,03/05/2021,Loss,Paper/Films,No,NA
Walmart Inc.,AR,Healthcare Provider,2067,03/05/2021,Hacking/IT Incident,Network Server,Yes,NA
UPMC St. Margaret,PA,Healthcare Provider,11135,03/05/2021,Unauthorized Access/Disclosure,Other,No,NA
Family Health Services MN d/b/a Entira Family Clinics,MN,Healthcare Provider,1975,03/02/2021,Hacking/IT Incident,Network Server,No,NA
PeakTPA,MO,Business Associate,50000,03/02/2021,Hacking/IT Incident,Network Server,Yes,NA
"Liberation Programs, Inc",CT,Healthcare Provider,7406,03/02/2021,Hacking/IT Incident,Electronic Medical Record,No,NA
"New Bedford Jewish Convalescent Home, Inc.",MA,Healthcare Provider,873,03/02/2021,Hacking/IT Incident,Email,No,NA
"ProComp Software Consultants, Inc.",OH,Business Associate,1008,03/02/2021,Hacking/IT Incident,Network Server,Yes,NA
Geisinger Health Plan,PA,Health Plan,2872,02/28/2021,Unauthorized Access/Disclosure,Paper/Films,No,NA
The SurgiCare Center of Utah,UT,Healthcare Provider,8675,02/26/2021,Hacking/IT Incident,Network Server,No,NA
Jewish Home Lifecare d/b/a The New Jewish Home,NY,Healthcare Provider,2091,02/26/2021,Hacking/IT Incident,Email,No,NA
"AllyAlign Health, Inc.",VA,Health Plan,33932,02/26/2021,Hacking/IT Incident,Network Server,No,NA
Clovis Community Medical Center,CA,Healthcare Provider,994,02/26/2021,Unauthorized Access/Disclosure,Email,No,NA
The Home for the Little Wanderers,MA,Healthcare Provider,5396,02/26/2021,Unauthorized Access/Disclosure,Email,No,NA
"InfuSystem Holdings, Inc.",MI,Business Associate,675,02/25/2021,Hacking/IT Incident,Email,Yes,NA
"BW Homecare Holdings, LLC d.b.a. Elara Caring",TX,Healthcare Provider,100487,02/24/2021,Hacking/IT Incident,Email,No,NA
Orlando Health South Lake Hospital,FL,Healthcare Provider,1673,02/23/2021,Loss,Paper/Films,No,NA
Jacobson Memorial Hospital Care Center,ND,Healthcare Provider,1545,02/23/2021,Hacking/IT Incident,Email,No,NA
The Kroger Co.,OH,Healthcare Provider,1474284,02/19/2021,Hacking/IT Incident,Network Server,No,NA
Covenant HealthCare,MI,Healthcare Provider,47178,02/19/2021,Hacking/IT Incident,Email,No,NA
"Rainbow Rehabilitation Centers, Inc",MI,Healthcare Provider,1639,02/19/2021,Hacking/IT Incident,Email,No,NA
Andor Labs,NC,Healthcare Provider,500,02/19/2021,Hacking/IT Incident,Network Server,No,NA
Project Vida Health Center,TX,Healthcare Provider,4500,02/19/2021,Hacking/IT Incident,Network Server,No,NA
"Fisher Titus Health, Inc.",OH,Health Plan,49636,02/18/2021,Hacking/IT Incident,Email,No,NA
Steward West Division – AR/LA/TX ACE,TX,Healthcare Provider,877,02/16/2021,Unauthorized Access/Disclosure,Electronic Medical Record,No,NA
RF EYE PC dba Cochise Eye and Laser,AZ,Healthcare Provider,100000,02/12/2021,Hacking/IT Incident,Network Server,No,NA
"Bowling Green Inn of Pensacola, LLC  DBA Twelve Oaks Recovery",FL,Healthcare Provider,9023,02/12/2021,Hacking/IT Incident,Network Server,No,NA
Grand River Medical Group,IA,Healthcare Provider,34000,02/12/2021,Hacking/IT Incident,Desktop Computer,No,NA
Hope Healthcare Service,FL,Healthcare Provider,1152,02/11/2021,Hacking/IT Incident,Network Server,No,NA
Piedmont Health Services,NC,Healthcare Provider,677,02/09/2021,Hacking/IT Incident,Network Server,Yes,NA
"Gore Medical Management, LLC",GA,Healthcare Provider,79100,02/08/2021,Hacking/IT Incident,Desktop Computer,No,NA
Hackley Community Care Center,MI,Healthcare Provider,2644,02/08/2021,Hacking/IT Incident,Email,No,NA
Granite Wellness Centers,CA,Healthcare Provider,15600,02/04/2021,Hacking/IT Incident,Network Server,No,NA
"Texas Spine Consultants, LLP",TX,Healthcare Provider,25728,02/03/2021,Unauthorized Access/Disclosure,Network Server,No,NA
"DataLogic Software, Inc.",TX,Business Associate,7200,02/03/2021,Hacking/IT Incident,Network Server,Yes,NA
Fairfax County Public Schools' Health Plan,VA,Business Associate,11056,02/02/2021,Hacking/IT Incident,Email,Yes,NA
Montefiore Medical Center,NY,Healthcare Provider,1787,01/29/2021,Unauthorized Access/Disclosure,Electronic Medical Record,No,NA
Florida Healthy Kids Corporation,FL,Health Plan,3500000,01/29/2021,Hacking/IT Incident,Network Server,Yes,NA
A Renewed Mind,OH,Healthcare Provider,2428,01/29/2021,Hacking/IT Incident,Email,No,NA
The Richards Group,VT,Business Associate,15429,01/28/2021,Hacking/IT Incident,Email,Yes,NA
Austin Hearing Services,TX,Healthcare Provider,600,01/23/2021,Unauthorized Access/Disclosure,Email,No,NA
Florida Hospital Physician Group Inc.,FL,Healthcare Provider,13759,01/22/2021,Hacking/IT Incident,Electronic Medical Record,No,NA
Inova Health System,VA,Healthcare Provider,1680,01/22/2021,Unauthorized Access/Disclosure,Email,No,NA
Merrill Iron & Steel Health Benefit Plan,WI,Health Plan,899,01/21/2021,Hacking/IT Incident,Network Server,No,NA
"Limeade, Inc.",WA,Business Associate,668,01/20/2021,Unauthorized Access/Disclosure,Network Server,Yes,NA
Krapf Group,PA,Health Plan,610,01/19/2021,Hacking/IT Incident,Network Server,No,NA
Hendrick Health,TX,Healthcare Provider,640436,01/15/2021,Hacking/IT Incident,Network Server,No,NA
"Montgomery Hospice, Inc.",MD,Healthcare Provider,1440,01/15/2021,Hacking/IT Incident,Email,No,NA
Wisconsin Department of Health Services,WI,Health Plan,1281,01/15/2021,Unauthorized Access/Disclosure,Network Server,Yes,NA
Center for Alternative Sentencing and Employment Services,NY,Healthcare Provider,3994,01/15/2021,Hacking/IT Incident,Email,No,NA
Precision Spine Care,TX,Healthcare Provider,20787,01/12/2021,Hacking/IT Incident,Email,No,NA
WeCare TLC,FL,Healthcare Provider,2340,01/12/2021,Loss,Laptop,No,NA
"KR Perio, Katherine Rodriguez, DMD",FL,Healthcare Provider,500,01/11/2021,Hacking/IT Incident,"Desktop Computer, Network Server",No,NA
"Leon Medical Centers, LLC",FL,Healthcare Provider,76661,01/08/2021,Hacking/IT Incident,Network Server,No,NA
Roper St. Francis Healthcare,SC,Healthcare Provider,189761,01/08/2021,Hacking/IT Incident,Email,No,NA
"American Anesthesiology, Inc.",NY,Healthcare Provider,1269074,01/08/2021,Hacking/IT Incident,Email,Yes,NA
Managed Health Services (MHS),IN,Health Plan,11988,01/08/2021,Unauthorized Access/Disclosure,Paper/Films,Yes,NA
Walgreen Co.,IL,Healthcare Provider,16089,01/08/2021,Unauthorized Access/Disclosure,Email,No,NA
South Country Health Alliance,MN,Health Plan,66874,12/31/2020,Hacking/IT Incident,Email,No,NA
"Apex Laboratory, Inc.",NY,Healthcare Provider,7102,12/31/2020,Hacking/IT Incident,Network Server,No,NA
"Simpson Senior Services, Inc.",PA,Healthcare Provider,3259,12/31/2020,Hacking/IT Incident,Email,No,NA
Buckeye Health Plan,OH,Health Plan,606,12/29/2020,Unauthorized Access/Disclosure,Paper/Films,Yes,NA
Sky Lakes Medical Center,OR,Healthcare Provider,501,12/23/2020,Hacking/IT Incident,Network Server,No,NA
"Agency for Community Treatment Services, Inc.",FL,Healthcare Provider,73825,12/22/2020,Hacking/IT Incident,Network Server,No,NA
Gainwell Technologies LLC,AR,Business Associate,3317,12/22/2020,Loss,Paper/Films,Yes,NA
Aetna ACE,CT,Health Plan,484157,12/22/2020,Hacking/IT Incident,Email,Yes,NA
"Kristina T Nguyen, DDS, PC",VA,Healthcare Provider,8000,12/21/2020,Hacking/IT Incident,Network Server,No,NA
"Iowa Total Care, Inc.",IA,Health Plan,536,12/18/2020,Unauthorized Access/Disclosure,Email,No,NA
"Comprehensive Neurology, PC",NY,Healthcare Provider,6800,12/17/2020,Hacking/IT Incident,"Electronic Medical Record, Network Server",No,NA
"Community Eye Care, LLC",NC,Health Plan,149804,12/17/2020,Hacking/IT Incident,Email,No,NA
"MEDNAX Services, Inc.",FL,Business Associate,1290670,12/16/2020,Hacking/IT Incident,Email,Yes,NA
Benjamin Rose Institute on Aging,OH,Healthcare Provider,1452,12/15/2020,Hacking/IT Incident,Email,No,NA
"Midwest Geriatric Management, LLC",MO,Healthcare Provider,4814,12/14/2020,Hacking/IT Incident,Email,No,NA
Southeast Health Center of Ripley County,MO,Healthcare Provider,5001,12/11/2020,Hacking/IT Incident,Network Server,No,NA
SSM Health Insurance Company,WI,Health Plan,4492,12/11/2020,Unauthorized Access/Disclosure,Paper/Films,No,NA
"TNMO Healthcare, LLC",TN,Healthcare Provider,501,12/11/2020,Improper Disposal,Other,No,NA
Sonoma Valley Healthcare District,CA,Healthcare Provider,69000,12/09/2020,Hacking/IT Incident,Email,No,NA
Mirra Health Care,FL,Business Associate,1064,12/08/2020,Unauthorized Access/Disclosure,Other,Yes,NA
Mercy Health,MO,Healthcare Provider,11187,12/04/2020,Unauthorized Access/Disclosure,Electronic Medical Record,No,NA
Sincera Reproductive Medicine,PA,Healthcare Provider,37989,12/03/2020,Hacking/IT Incident,Network Server,No,NA
Montefiore Medical Center,NY,Healthcare Provider,670,12/01/2020,Unauthorized Access/Disclosure,Paper/Films,No,NA
"Liv-On Family Care Center, PA",MN,Healthcare Provider,1580,12/01/2020,Theft,"Desktop Computer, Laptop, Other Portable Electronic Device",No,NA
Brazos Valley Plastic Surgery,TX,Healthcare Provider,2255,11/26/2020,Unauthorized Access/Disclosure,Email,No,NA
Tufts Health Plan,MA,Health Plan,60545,11/25/2020,Hacking/IT Incident,Email,Yes,NA
US Fertility LLC,MD,Business Associate,878550,11/25/2020,Hacking/IT Incident,Network Server,Yes,NA
Presbyterian Health Plan,NM,Business Associate,3557,11/23/2020,Unauthorized Access/Disclosure,Paper/Films,Yes,NA
The Tree House Child Advocacy Center of Montgomery County,MD,Business Associate,514,11/23/2020,Unauthorized Access/Disclosure,Network Server,Yes,NA
Interim HealthCare of the Capital Region,NY,Healthcare Provider,1127,11/23/2020,Hacking/IT Incident,Email,No,NA
"The Nebraska Medical Center and University of Nebraska Medical Center, Affiliated Covered Entities",NE,Healthcare Provider,216472,11/23/2020,Hacking/IT Incident,Network Server,No,NA
"Bayhealth Medical Center, Inc.",DE,Healthcare Provider,78006,11/20/2020,Hacking/IT Incident,Network Server,Yes,NA
Planned Parenthood of Metro Washington,DC,Healthcare Provider,500,11/20/2020,Hacking/IT Incident,Network Server,No,NA
"AspenPointe, Inc.",CO,Healthcare Provider,295617,11/19/2020,Hacking/IT Incident,Network Server,No,NA
"Jonathan Woolfson, MD, PC",GA,Healthcare Provider,2000,11/19/2020,Theft,Laptop,No,NA
University Hopsital,NJ,Healthcare Provider,39207,11/13/2020,Hacking/IT Incident,Network Server,No,NA
"Open Door Family Medical Center, Inc.",NY,Healthcare Provider,36474,11/12/2020,Hacking/IT Incident,"Email, Network Server",No,NA
ProMedica Bixby Hospital,MI,Healthcare Provider,3500,11/12/2020,Unauthorized Access/Disclosure,Electronic Medical Record,No,NA
Seeley Enterprises Company,OH,Healthcare Provider,16196,11/06/2020,Hacking/IT Incident,Network Server,No,NA
Conway Regional Health System,AR,Healthcare Provider,2945,11/06/2020,Unauthorized Access/Disclosure,Email,No,NA
People Incorporated,MN,Healthcare Provider,27500,11/06/2020,Hacking/IT Incident,Email,No,NA
Lawrence General Hospital,MA,Healthcare Provider,176587,11/05/2020,Hacking/IT Incident,Network Server,No,NA
Lake County Health Department and Community Health Center,IL,Healthcare Provider,3815,11/05/2020,Unauthorized Access/Disclosure,Email,No,NA
Pristine Dental,MA,Healthcare Provider,1428,11/05/2020,Hacking/IT Incident,Network Server,No,NA
Alamance Skin Center,NC,Healthcare Provider,100000,11/04/2020,Hacking/IT Incident,Electronic Medical Record,No,NA
Connecticut Department of Social Services,CT,Health Plan,36915,10/30/2020,Hacking/IT Incident,Email,No,NA
"Timberline Billing Service, LLC",IA,Business Associate,117088,10/30/2020,Hacking/IT Incident,Network Server,Yes,NA
State of North Dakota,ND,Healthcare Provider,35416,10/27/2020,Hacking/IT Incident,Email,No,NA
Luxottica of America Inc.,OH,Business Associate,829454,10/27/2020,Hacking/IT Incident,Network Server,Yes,NA
"Centerstone of Indiana, Inc.",IN,Healthcare Provider,11638,10/23/2020,Hacking/IT Incident,Email,No,NA
"Centerstone of Tennessee, Inc.",TN,Healthcare Provider,50965,10/23/2020,Hacking/IT Incident,Email,No,NA
OSF HealthCare System,IL,Healthcare Provider,94171,10/19/2020,Hacking/IT Incident,Network Server,Yes,NA
"BryLin Hospitals, Incorporated",NY,Healthcare Provider,8000,10/17/2020,Hacking/IT Incident,Network Server,No,NA
University of Michigan/Michigan Medicine,MI,Healthcare Provider,1062,10/16/2020,Unauthorized Access/Disclosure,Email,No,NA
"Passavant Memorial Homes, Inc.",PA,Healthcare Provider,25000,10/14/2020,Hacking/IT Incident,Network Server,No,NA
Georgia Department of Human Services,GA,Healthcare Clearing House,45732,10/09/2020,Hacking/IT Incident,Email,No,NA
Cedar County Iowa,IA,Healthcare Provider,1138,10/08/2020,Hacking/IT Incident,Email,No,NA
"Milestone Electric, Inc.",TX,Health Plan,4973,10/08/2020,Hacking/IT Incident,Email,No,NA
Mayo Clinic,MN,Healthcare Provider,1614,10/05/2020,Unauthorized Access/Disclosure,Electronic Medical Record,No,NA
"Sonoma Recovery Services, LLC d/b/a/ Olympia House",CA,Healthcare Provider,2527,09/30/2020,Hacking/IT Incident,Network Server,No,NA
EyeMed Vision Care LLC,OH,Business Associate,1474000,09/28/2020,Unauthorized Access/Disclosure,Email,Yes,NA
Century Specialty Script,NY,Healthcare Provider,16038,09/28/2020,Hacking/IT Incident,Email,No,NA
Montefiore Medical Center,NY,Healthcare Provider,4004,09/18/2020,Unauthorized Access/Disclosure,Electronic Medical Record,No,NA
"Pollack, Barbaccia, & Guzman MD PC",NY,Healthcare Provider,1135,09/18/2020,Theft,Paper/Films,No,NA
University of Missouri Health Care,MO,Healthcare Provider,189736,09/17/2020,Hacking/IT Incident,Email,No,NA
"OrthoAtlanta, LLC",GA,Healthcare Provider,5600,09/17/2020,Hacking/IT Incident,Network Server,No,NA
Accents on Health,CO,Healthcare Provider,2000,09/16/2020,Hacking/IT Incident,"Desktop Computer, Network Server",No,NA
Alameda Health System,CA,Healthcare Provider,2691,09/15/2020,Hacking/IT Incident,Email,No,NA
Samaritan Healthcare & Hospice,NJ,Healthcare Provider,3657,09/14/2020,Hacking/IT Incident,Network Server,Yes,NA
"Specialized Alternatives for Families & Youth of America, Inc.",OH,Business Associate,58123,09/11/2020,Hacking/IT Incident,Email,Yes,NA
Total Urology Care of New York PLLC,NY,Healthcare Provider,23000,09/10/2020,Unauthorized Access/Disclosure,Electronic Medical Record,No,NA
Mental Health Center of Boulder County Inc. dba Mental Health Partners,CO,Healthcare Provider,2650,09/09/2020,Hacking/IT Incident,Email,No,NA
"Servicios de Salud Primarios de Barceloneta, Inc.",NA,Healthcare Provider,60200,09/04/2020,Hacking/IT Incident,Network Server,No,NA
Advocate Aurora Health,WI,Healthcare Provider,2979,09/04/2020,Unauthorized Access/Disclosure,Paper/Films,No,NA
Roper St. Francis Healthcare,SC,Healthcare Provider,6000,09/03/2020,Hacking/IT Incident,Email,No,NA
H. Lee Moffitt Cancer Center & Research Institute,FL,Healthcare Provider,4056,09/02/2020,Theft,"Other Portable Electronic Device, Paper/Films",No,NA
BEACON ORTHOPAEDICS & SPORTS MEDICINE,OH,Healthcare Provider,2869,08/28/2020,Theft,"Other, Other Portable Electronic Device",No,NA
Assured Imaging,AZ,Healthcare Provider,244813,08/27/2020,Hacking/IT Incident,Network Server,No,NA
Glacier Surgical Associates,AK,Healthcare Provider,1538,08/25/2020,Hacking/IT Incident,Network Server,No,NA
Waystar Health,KY,Business Associate,1021,08/25/2020,Hacking/IT Incident,Network Server,Yes,NA
City of Lafayette Fire Department,CO,Healthcare Provider,15000,08/25/2020,Hacking/IT Incident,Network Server,No,NA
"Consultant Anesthesiologists, Inc.",OH,Healthcare Provider,740,08/25/2020,Theft,Paper/Films,No,NA
Elwyn,PA,Healthcare Provider,16579,08/21/2020,Hacking/IT Incident,Email,No,NA
Arnot Health,NY,Healthcare Provider,1164,08/18/2020,Hacking/IT Incident,"Email, Network Server",Yes,NA
Crozer-Keystone Health System,PA,Healthcare Provider,177023,08/14/2020,Hacking/IT Incident,Network Server,No,NA
Selected Benefits,PA,Business Associate,8100,08/14/2020,Hacking/IT Incident,Email,Yes,NA
"D&S Residential Holdings, LLC",TX,Healthcare Provider,2102,08/14/2020,Hacking/IT Incident,Email,No,NA
Advocate Aurora Health,WI,Healthcare Provider,1907,08/14/2020,Unauthorized Access/Disclosure,Paper/Films,Yes,NA
"Dynasplint Systems, Inc.",MD,Healthcare Provider,102800,08/06/2020,Hacking/IT Incident,Network Server,No,NA
Summit Medical Associates,IN,Healthcare Provider,7264,08/04/2020,Hacking/IT Incident,Network Server,No,NA
"St. Peter's Health Partners Medical Associates, P.C.",NY,Healthcare Provider,1789,08/03/2020,Loss,Other,Yes,NA
Freeport Regional Health Care Foundation,IL,Healthcare Provider,4120,07/31/2020,Hacking/IT Incident,Email,No,NA
Muskingum Valley Health Centers,OH,Healthcare Provider,7447,07/31/2020,Hacking/IT Incident,"Electronic Medical Record, Network Server",No,NA
Elkins Rehabilitation & Care Center,WV,Healthcare Provider,3127,07/30/2020,Hacking/IT Incident,Email,No,NA
Children's Hospital Colorado,CO,Healthcare Provider,2553,07/27/2020,Hacking/IT Incident,Email,No,NA
"University of Maryland Faculty Physicians, Inc. / University of Maryland Medical Center",MD,Healthcare Provider,33896,07/24/2020,Hacking/IT Incident,Email,No,NA
Walgreen Co.,IL,Healthcare Provider,72143,07/24/2020,Theft,"Other Portable Electronic Device, Paper/Films",No,NA
"Supervalu Pharmacies, Inc.",MN,Healthcare Provider,1500,07/24/2020,Theft,"Other, Paper/Films",No,NA
University of Utah,UT,Healthcare Provider,10000,07/20/2020,Hacking/IT Incident,Email,No,NA
Maryland Health Enterprises DBA Lorien Health Services,MD,Healthcare Provider,537,07/17/2020,Hacking/IT Incident,Network Server,No,NA
Allergy and Asthma Clinic of Fort Worth,TX,Healthcare Provider,69777,07/16/2020,Hacking/IT Incident,Network Server,No,NA
"US HealthCenter, Inc.",WI,Business Associate,1441,07/16/2020,Hacking/IT Incident,Email,Yes,NA
Wisconsin Department of Corrections,WI,Healthcare Provider,1853,07/15/2020,Unauthorized Access/Disclosure,Other,No,NA
"Jim Dinh, DC",TX,Business Associate,500,07/10/2020,Theft,"Desktop Computer, Laptop, Other Portable Electronic Device",Yes,NA
Four Winds Behavioral Health,NM,Healthcare Provider,500,07/06/2020,Hacking/IT Incident,Email,No,NA
Florida Orthopaedic Institute,FL,Healthcare Provider,640000,07/01/2020,Hacking/IT Incident,Network Server,No,NA
Carter and Hoff Dentistry,NC,Healthcare Provider,7000,07/01/2020,Hacking/IT Incident,Network Server,No,NA
M&T Bank,NY,Business Associate,5878,06/29/2020,Unauthorized Access/Disclosure,Email,Yes,NA
"Benefit Recovery Specialists, Inc.",TX,Business Associate,274837,06/26/2020,Hacking/IT Incident,Network Server,Yes,NA
Rose Dental,TX,Healthcare Provider,6169,06/26/2020,Hacking/IT Incident,Email,No,NA
Rose Dental,TX,Healthcare Provider,2835,06/26/2020,Hacking/IT Incident,Email,No,NA
Morneau Shepell Limited,IL,Healthcare Provider,1162,06/25/2020,Hacking/IT Incident,Email,No,NA
"Grace & Porta Benefits, inc.",MI,Health Plan,572,06/23/2020,Hacking/IT Incident,Email,No,NA
CHI St. Luke's Health Memorial,TX,Healthcare Provider,1045,06/19/2020,Unauthorized Access/Disclosure,Network Server,No,NA
"CodeMetro, Inc.",CA,Business Associate,62807,06/19/2020,Hacking/IT Incident,Network Server,Yes,NA
North Shore Pain Management,MA,Healthcare Provider,12472,06/18/2020,Hacking/IT Incident,Network Server,No,NA
"The Kroger Co., for itself and its affiliates and subsidiaries",OH,Healthcare Provider,10974,06/18/2020,Hacking/IT Incident,Network Server,No,NA
"Oral and Maxillofacial Surgery Associates, P.A.",SC,Healthcare Provider,35498,06/17/2020,Hacking/IT Incident,"Desktop Computer, Network Server, Other Portable Electronic Device",No,NA
Healthcare Fiscal Management Inc.,NC,Business Associate,58000,06/12/2020,Hacking/IT Incident,Network Server,Yes,NA
"Sunrise Treatment Center,LLC",OH,Healthcare Provider,3660,06/12/2020,Hacking/IT Incident,Email,No,NA
University of Missouri Health Care,MO,Healthcare Provider,5074,06/11/2020,Hacking/IT Incident,Email,No,NA
Rangely District Hospital,CO,Healthcare Provider,6339,06/08/2020,Hacking/IT Incident,"Electronic Medical Record, Network Server",No,NA
University of Utah,UT,Healthcare Provider,1909,06/08/2020,Hacking/IT Incident,Email,No,NA
"JDA eHealth Systems, Inc.",IL,Business Associate,917,06/02/2020,Unauthorized Access/Disclosure,"Other, Paper/Films",Yes,NA
Rochester Regional Health,NY,Healthcare Provider,1945,06/01/2020,Hacking/IT Incident,Email,No,NA
"Allied Physicians of Michiana, LLC",IN,Healthcare Provider,976,05/28/2020,Improper Disposal,Paper/Films,Yes,NA
"Saint Joseph Regional Medical Center, Inc.",IN,Healthcare Provider,1000,05/28/2020,Improper Disposal,Paper/Films,Yes,NA
"New Avenues, Inc.",IN,Healthcare Provider,1000,05/28/2020,Improper Disposal,Paper/Films,Yes,NA
"Elkhart Emergency Physicians, Inc .",IN,Healthcare Provider,550000,05/28/2020,Improper Disposal,Paper/Films,Yes,NA
Renee Applebaum Phd Pc,MI,Healthcare Provider,3800,05/24/2020,Hacking/IT Incident,Network Server,Yes,NA
"Mediclaim, LLC",MI,Business Associate,14931,05/22/2020,Hacking/IT Incident,Network Server,Yes,NA
Everett & Hurite Ophthalmic Association,PA,Healthcare Provider,34113,05/22/2020,Hacking/IT Incident,Email,No,NA
Woodlawn Dental Center,OH,Healthcare Provider,14419,05/18/2020,Hacking/IT Incident,Network Server,No,NA
"PsyGenics, Inc.",MI,Business Associate,608,05/18/2020,Unauthorized Access/Disclosure,Email,Yes,NA
"Mat-Su Surgical Associates, APC",AK,Healthcare Provider,13146,05/15/2020,Hacking/IT Incident,"Laptop, Network Server",No,NA
"Alexander Chun, MD, PLLC",NY,Healthcare Provider,595,05/12/2020,Improper Disposal,Paper/Films,No,NA
Ashtabula County Medical Center,OH,Healthcare Provider,3683,05/08/2020,Hacking/IT Incident,Network Server,No,NA
Moorestown Visiting Nurse Association,NJ,Healthcare Provider,26465,05/07/2020,Hacking/IT Incident,Network Server,No,NA
"Midmark RTLS Solutions, Inc.",MI,Business Associate,7422,05/05/2020,Hacking/IT Incident,Other,Yes,NA
The Nebraska Medical Center,NE,Healthcare Provider,1311,05/05/2020,Unauthorized Access/Disclosure,Electronic Medical Record,No,NA
BJC Health System,MO,Business Associate,287876,05/05/2020,Hacking/IT Incident,Email,Yes,NA
"Management and Network Services, LLC",OH,Business Associate,30132,05/04/2020,Hacking/IT Incident,Email,Yes,NA
"Good Samaritan Hospital, Inc.",CA,Healthcare Provider,233835,04/17/2020,Hacking/IT Incident,Email,No,NA
Mid-Delaware Imaging,DE,Healthcare Provider,77110,03/30/2020,Unauthorized Access/Disclosure,"Electronic Medical Record, Network Server",No,NA
